X,CH1,Start,Increment,
Sequence,Volt,-7.399997e-07,2.000000e-09
0,1.00e-02,
1,-1.00e-02,
2,-1.00e-02,
3,1.00e-02,
4,1.00e-02,
5,-1.00e-02,
6,-1.00e-02,
7,3.00e-02,
8,1.00e-02,
9,-1.00e-02,
10,-1.00e-02,
11,1.00e-02,
12,1.00e-02,
13,-3.00e-02,
14,1.00e-02,
15,3.00e-02,
16,-1.00e-02,
17,-1.00e-02,
18,1.00e-02,
19,1.00e-02,
20,-3.00e-02,
21,1.00e-02,
22,3.00e-02,
23,1.00e-02,
24,-3.00e-02,
25,1.00e-02,
26,1.00e-02,
27,-1.00e-02,
28,-3.00e-02,
29,1.00e-02,
30,1.00e-02,
31,-1.00e-02,
32,-1.00e-02,
33,1.00e-02,
34,1.00e-02,
35,-3.00e-02,
36,1.00e-02,
37,3.00e-02,
38,-1.00e-02,
39,-1.00e-02,
40,1.00e-02,
41,3.00e-02,
42,-3.00e-02,
43,-1.00e-02,
44,1.00e-02,
45,1.00e-02,
46,-1.00e-02,
47,1.00e-02,
48,1.00e-02,
49,-1.00e-02,
50,-1.00e-02,
51,1.00e-02,
52,3.00e-02,
53,-1.00e-02,
54,1.00e-02,
55,3.00e-02,
56,1.00e-02,
57,-1.00e-02,
58,1.00e-02,
59,1.00e-02,
60,-1.00e-02,
61,-1.00e-02,
62,1.00e-02,
63,1.00e-02,
64,-1.00e-02,
65,-1.00e-02,
66,3.00e-02,
67,1.00e-02,
68,-1.00e-02,
69,-1.00e-02,
70,1.00e-02,
71,1.00e-02,
72,-1.00e-02,
73,1.00e-02,
74,3.00e-02,
75,-1.00e-02,
76,-1.00e-02,
77,1.00e-02,
78,1.00e-02,
79,-1.00e-02,
80,-1.00e-02,
81,3.00e-02,
82,1.00e-02,
83,-3.00e-02,
84,1.00e-02,
85,3.00e-02,
86,-1.00e-02,
87,-1.00e-02,
88,1.00e-02,
89,1.00e-02,
90,-1.00e-02,
91,1.00e-02,
92,1.00e-02,
93,1.00e-02,
94,-1.00e-02,
95,1.00e-02,
96,1.00e-02,
97,-1.00e-02,
98,-1.00e-02,
99,1.00e-02,
100,3.00e-02,
101,-3.00e-02,
102,-1.00e-02,
103,3.00e-02,
104,1.00e-02,
105,-1.00e-02,
106,1.00e-02,
107,1.00e-02,
108,-1.00e-02,
109,-1.00e-02,
110,1.00e-02,
111,3.00e-02,
112,-1.00e-02,
113,-1.00e-02,
114,3.00e-02,
115,1.00e-02,
116,-3.00e-02,
117,1.00e-02,
118,3.00e-02,
119,-1.00e-02,
120,-1.00e-02,
121,1.00e-02,
122,1.00e-02,
123,-3.00e-02,
124,-1.00e-02,
125,1.00e-02,
126,1.00e-02,
127,-1.00e-02,
128,1.00e-02,
129,3.00e-02,
130,-1.00e-02,
131,-3.00e-02,
132,1.00e-02,
133,1.00e-02,
134,-1.00e-02,
135,-1.00e-02,
136,3.00e-02,
137,1.00e-02,
138,-1.00e-02,
139,-1.00e-02,
140,1.00e-02,
141,1.00e-02,
142,-3.00e-02,
143,1.00e-02,
144,1.00e-02,
145,-1.00e-02,
146,-1.00e-02,
147,1.00e-02,
148,1.00e-02,
149,-1.00e-02,
150,-1.00e-02,
151,1.00e-02,
152,-1.00e-02,
153,-1.00e-02,
154,1.00e-02,
155,3.00e-02,
156,-1.00e-02,
157,-1.00e-02,
158,3.00e-02,
159,1.00e-02,
160,-1.00e-02,
161,-1.00e-02,
162,3.00e-02,
163,-1.00e-02,
164,-1.00e-02,
165,1.00e-02,
166,1.00e-02,
167,-1.00e-02,
168,-1.00e-02,
169,1.00e-02,
170,1.00e-02,
171,-1.00e-02,
172,-1.00e-02,
173,1.00e-02,
174,1.00e-02,
175,-3.00e-02,
176,1.00e-02,
177,3.00e-02,
178,-3.00e-02,
179,-1.00e-02,
180,1.00e-02,
181,1.00e-02,
182,-1.00e-02,
183,1.00e-02,
184,3.00e-02,
185,-1.00e-02,
186,-3.00e-02,
187,1.00e-02,
188,1.00e-02,
189,-1.00e-02,
190,-1.00e-02,
191,1.00e-02,
192,1.00e-02,
193,-3.00e-02,
194,-1.00e-02,
195,1.00e-02,
196,1.00e-02,
197,-1.00e-02,
198,1.00e-02,
199,3.00e-02,
200,-1.00e-02,
201,-1.00e-02,
202,1.00e-02,
203,1.00e-02,
204,-1.00e-02,
205,-1.00e-02,
206,3.00e-02,
207,3.00e-02,
208,-3.00e-02,
209,1.00e-02,
210,1.00e-02,
211,-1.00e-02,
212,-3.00e-02,
213,1.00e-02,
214,1.00e-02,
215,-1.00e-02,
216,-1.00e-02,
217,1.00e-02,
218,1.00e-02,
219,-3.00e-02,
220,1.00e-02,
221,1.00e-02,
222,-1.00e-02,
223,-1.00e-02,
224,1.00e-02,
225,1.00e-02,
226,-1.00e-02,
227,-3.00e-02,
228,1.00e-02,
229,1.00e-02,
230,-3.00e-02,
231,1.00e-02,
232,3.00e-02,
233,-1.00e-02,
234,-3.00e-02,
235,1.00e-02,
236,1.00e-02,
237,-1.00e-02,
238,-1.00e-02,
239,3.00e-02,
240,1.00e-02,
241,-1.00e-02,
242,1.00e-02,
243,1.00e-02,
244,-1.00e-02,
245,-1.00e-02,
246,1.00e-02,
247,3.00e-02,
248,-1.00e-02,
249,-1.00e-02,
250,1.00e-02,
251,1.00e-02,
252,-3.00e-02,
253,1.00e-02,
254,3.00e-02,
255,1.00e-02,
256,-3.00e-02,
257,1.00e-02,
258,1.00e-02,
259,-3.00e-02,
260,-1.00e-02,
261,1.00e-02,
262,1.00e-02,
263,-1.00e-02,
264,-1.00e-02,
265,1.00e-02,
266,1.00e-02,
267,-3.00e-02,
268,1.00e-02,
269,3.00e-02,
270,-1.00e-02,
271,-1.00e-02,
272,1.00e-02,
273,1.00e-02,
274,-1.00e-02,
275,-1.00e-02,
276,1.00e-02,
277,1.00e-02,
278,-1.00e-02,
279,1.00e-02,
280,1.00e-02,
281,-1.00e-02,
282,-1.00e-02,
283,1.00e-02,
284,1.00e-02,
285,-1.00e-02,
286,-1.00e-02,
287,3.00e-02,
288,1.00e-02,
289,-3.00e-02,
290,1.00e-02,
291,1.00e-02,
292,-1.00e-02,
293,-1.00e-02,
294,1.00e-02,
295,3.00e-02,
296,-1.00e-02,
297,-1.00e-02,
298,3.00e-02,
299,-1.00e-02,
300,-1.00e-02,
301,1.00e-02,
302,3.00e-02,
303,-1.00e-02,
304,-1.00e-02,
305,1.00e-02,
306,1.00e-02,
307,-3.00e-02,
308,-1.00e-02,
309,3.00e-02,
310,1.00e-02,
311,-1.00e-02,
312,-1.00e-02,
313,1.00e-02,
314,-1.00e-02,
315,-1.00e-02,
316,1.00e-02,
317,3.00e-02,
318,-1.00e-02,
319,-1.00e-02,
320,1.00e-02,
321,1.00e-02,
322,-1.00e-02,
323,1.00e-02,
324,3.00e-02,
325,-1.00e-02,
326,-3.00e-02,
327,1.00e-02,
328,1.00e-02,
329,-3.00e-02,
330,-1.00e-02,
331,1.00e-02,
332,1.00e-02,
333,-3.00e-02,
334,1.00e-02,
335,3.00e-02,
336,-1.00e-02,
337,-3.00e-02,
338,1.00e-02,
339,1.00e-02,
340,-1.00e-02,
341,-1.00e-02,
342,1.00e-02,
343,1.00e-02,
344,-1.00e-02,
345,-1.00e-02,
346,1.00e-02,
347,-1.00e-02,
348,-3.00e-02,
349,1.00e-02,
350,3.00e-02,
351,-1.00e-02,
352,-1.00e-02,
353,1.00e-02,
354,1.00e-02,
355,-3.00e-02,
356,1.00e-02,
357,3.00e-02,
358,-1.00e-02,
359,-1.00e-02,
360,1.00e-02,
361,1.00e-02,
362,-1.00e-02,
363,-1.00e-02,
364,1.00e-02,
365,1.00e-02,
366,-1.00e-02,
367,3.00e-02,
368,3.00e-02,
369,-9.00e-02,
370,-2.30e-01,
371,-4.50e-01,
372,-6.90e-01,
373,-8.90e-01,
374,-1.07e+00,
375,-1.27e+00,
376,-1.33e+00,
377,-1.39e+00,
378,-1.45e+00,
379,-1.45e+00,
380,-1.47e+00,
381,-1.45e+00,
382,-1.47e+00,
383,-1.49e+00,
384,-1.47e+00,
385,-1.51e+00,
386,-1.47e+00,
387,-1.49e+00,
388,-1.49e+00,
389,-1.49e+00,
390,-1.47e+00,
391,-1.49e+00,
392,-1.49e+00,
393,-1.51e+00,
394,-1.47e+00,
395,-1.51e+00,
396,-1.47e+00,
397,-1.51e+00,
398,-1.47e+00,
399,-1.47e+00,
400,-1.47e+00,
401,-1.47e+00,
402,-1.45e+00,
403,-1.45e+00,
404,-1.39e+00,
405,-1.41e+00,
406,-1.37e+00,
407,-1.37e+00,
408,-1.37e+00,
409,-1.37e+00,
410,-1.35e+00,
411,-1.35e+00,
412,-1.35e+00,
413,-1.35e+00,
414,-1.33e+00,
415,-1.35e+00,
416,-1.33e+00,
417,-1.35e+00,
418,-1.33e+00,
419,-1.35e+00,
420,-1.33e+00,
421,-1.33e+00,
422,-1.31e+00,
423,-1.33e+00,
424,-1.33e+00,
425,-1.35e+00,
426,-1.31e+00,
427,-1.33e+00,
428,-1.31e+00,
429,-1.33e+00,
430,-1.33e+00,
431,-1.33e+00,
432,-1.33e+00,
433,-1.33e+00,
434,-1.31e+00,
435,-1.33e+00,
436,-1.33e+00,
437,-1.33e+00,
438,-1.31e+00,
439,-1.33e+00,
440,-1.31e+00,
441,-1.33e+00,
442,-1.31e+00,
443,-1.33e+00,
444,-1.31e+00,
445,-1.33e+00,
446,-1.31e+00,
447,-1.33e+00,
448,-1.31e+00,
449,-1.33e+00,
450,-1.31e+00,
451,-1.33e+00,
452,-1.31e+00,
453,-1.33e+00,
454,-1.31e+00,
455,-1.31e+00,
456,-1.31e+00,
457,-1.33e+00,
458,-1.31e+00,
459,-1.33e+00,
460,-1.31e+00,
461,-1.33e+00,
462,-1.31e+00,
463,-1.33e+00,
464,-1.31e+00,
465,-1.33e+00,
466,-1.31e+00,
467,-1.33e+00,
468,-1.33e+00,
469,-1.33e+00,
470,-1.31e+00,
471,-1.33e+00,
472,-1.33e+00,
473,-1.33e+00,
474,-1.31e+00,
475,-1.33e+00,
476,-1.31e+00,
477,-1.33e+00,
478,-1.31e+00,
479,-1.33e+00,
480,-1.33e+00,
481,-1.33e+00,
482,-1.31e+00,
483,-1.33e+00,
484,-1.31e+00,
485,-1.33e+00,
486,-1.31e+00,
487,-1.33e+00,
488,-1.33e+00,
489,-1.33e+00,
490,-1.31e+00,
491,-1.33e+00,
492,-1.31e+00,
493,-1.33e+00,
494,-1.31e+00,
495,-1.33e+00,
496,-1.31e+00,
497,-1.33e+00,
498,-1.31e+00,
499,-1.33e+00,
500,-1.31e+00,
501,-1.33e+00,
502,-1.31e+00,
503,-1.33e+00,
504,-1.31e+00,
505,-1.33e+00,
506,-1.31e+00,
507,-1.33e+00,
508,-1.31e+00,
509,-1.33e+00,
510,-1.31e+00,
511,-1.31e+00,
512,-1.31e+00,
513,-1.33e+00,
514,-1.31e+00,
515,-1.33e+00,
516,-1.31e+00,
517,-1.33e+00,
518,-1.31e+00,
519,-1.33e+00,
520,-1.31e+00,
521,-1.33e+00,
522,-1.31e+00,
523,-1.33e+00,
524,-1.31e+00,
525,-1.33e+00,
526,-1.31e+00,
527,-1.33e+00,
528,-1.31e+00,
529,-1.33e+00,
530,-1.31e+00,
531,-1.33e+00,
532,-1.31e+00,
533,-1.33e+00,
534,-1.31e+00,
535,-1.33e+00,
536,-1.31e+00,
537,-1.33e+00,
538,-1.31e+00,
539,-1.33e+00,
540,-1.31e+00,
541,-1.33e+00,
542,-1.29e+00,
543,-1.17e+00,
544,-5.30e-01,
545,3.00e-02,
546,-1.00e-02,
547,-1.10e-01,
548,-5.00e-02,
549,-1.00e-02,
550,-1.00e-02,
551,1.00e-02,
552,-1.00e-02,
553,-3.00e-02,
554,-1.00e-02,
555,3.00e-02,
556,1.00e-02,
557,-5.00e-02,
558,1.00e-02,
559,5.00e-02,
560,-3.00e-02,
561,-3.00e-02,
562,5.00e-02,
563,3.00e-02,
564,-5.00e-02,
565,1.00e-02,
566,5.00e-02,
567,-3.00e-02,
568,-3.00e-02,
569,5.00e-02,
570,1.00e-02,
571,-5.00e-02,
572,1.00e-02,
573,5.00e-02,
574,-3.00e-02,
575,-1.00e-02,
576,5.00e-02,
577,1.00e-02,
578,-5.00e-02,
579,3.00e-02,
580,3.00e-02,
581,-5.00e-02,
582,-1.00e-02,
583,5.00e-02,
584,1.00e-02,
585,-5.00e-02,
586,3.00e-02,
587,3.00e-02,
588,-5.00e-02,
589,1.00e-02,
590,5.00e-02,
591,-1.00e-02,
592,-5.00e-02,
593,3.00e-02,
594,3.00e-02,
595,-7.00e-02,
596,1.00e-02,
597,5.00e-02,
598,-3.00e-02,
599,-3.00e-02,
600,3.00e-02,
601,3.00e-02,
602,-5.00e-02,
603,1.00e-02,
604,5.00e-02,
605,-3.00e-02,
606,-3.00e-02,
607,5.00e-02,
608,1.00e-02,
609,-5.00e-02,
610,1.00e-02,
611,5.00e-02,
612,-3.00e-02,
613,-1.00e-02,
614,5.00e-02,
615,1.00e-02,
616,-5.00e-02,
617,3.00e-02,
618,3.00e-02,
619,-3.00e-02,
620,-1.00e-02,
621,5.00e-02,
622,1.00e-02,
623,-3.00e-02,
624,3.00e-02,
625,3.00e-02,
626,-3.00e-02,
627,-1.00e-02,
628,5.00e-02,
629,1.00e-02,
630,-3.00e-02,
631,3.00e-02,
632,3.00e-02,
633,-3.00e-02,
634,-1.00e-02,
635,5.00e-02,
636,1.00e-02,
637,-3.00e-02,
638,3.00e-02,
639,5.00e-02,
640,-3.00e-02,
641,-1.00e-02,
642,5.00e-02,
643,-1.00e-02,
644,-3.00e-02,
645,3.00e-02,
646,5.00e-02,
647,-3.00e-02,
648,-1.00e-02,
649,5.00e-02,
650,1.00e-02,
651,-3.00e-02,
652,3.00e-02,
653,5.00e-02,
654,-3.00e-02,
655,-1.00e-02,
656,3.00e-02,
657,1.00e-02,
658,-3.00e-02,
659,3.00e-02,
660,3.00e-02,
661,-3.00e-02,
662,-1.00e-02,
663,5.00e-02,
664,1.00e-02,
665,-5.00e-02,
666,3.00e-02,
667,3.00e-02,
668,-3.00e-02,
669,-1.00e-02,
670,3.00e-02,
671,3.00e-02,
672,-3.00e-02,
673,1.00e-02,
674,3.00e-02,
675,-3.00e-02,
676,-1.00e-02,
677,5.00e-02,
678,3.00e-02,
679,-3.00e-02,
680,3.00e-02,
681,3.00e-02,
682,-1.00e-02,
683,-1.00e-02,
684,3.00e-02,
685,1.00e-02,
686,-3.00e-02,
687,1.00e-02,
688,5.00e-02,
689,-1.00e-02,
690,-1.00e-02,
691,3.00e-02,
692,3.00e-02,
693,-3.00e-02,
694,1.00e-02,
695,5.00e-02,
696,-1.00e-02,
697,-3.00e-02,
698,3.00e-02,
699,3.00e-02,
700,-3.00e-02,
701,1.00e-02,
702,5.00e-02,
703,1.00e-02,
704,-3.00e-02,
705,3.00e-02,
706,3.00e-02,
707,-3.00e-02,
708,-1.00e-02,
709,5.00e-02,
710,1.00e-02,
711,-3.00e-02,
712,3.00e-02,
713,3.00e-02,
714,-1.00e-02,
715,-1.00e-02,
716,3.00e-02,
717,1.00e-02,
718,-3.00e-02,
719,1.00e-02,
720,5.00e-02,
721,-3.00e-02,
722,-3.00e-02,
723,3.00e-02,
724,3.00e-02,
725,-3.00e-02,
726,1.00e-02,
727,5.00e-02,
728,-1.00e-02,
729,-3.00e-02,
730,3.00e-02,
731,1.00e-02,
732,-3.00e-02,
733,-1.00e-02,
734,3.00e-02,
735,1.00e-02,
736,-3.00e-02,
737,3.00e-02,
738,3.00e-02,
739,-3.00e-02,
740,-1.00e-02,
741,3.00e-02,
742,1.00e-02,
743,-3.00e-02,
744,1.00e-02,
745,3.00e-02,
746,-1.00e-02,
747,-1.00e-02,
748,3.00e-02,
749,3.00e-02,
750,-3.00e-02,
751,1.00e-02,
752,3.00e-02,
753,-1.00e-02,
754,-1.00e-02,
755,3.00e-02,
756,3.00e-02,
757,-1.00e-02,
758,1.00e-02,
759,5.00e-02,
760,1.00e-02,
761,-3.00e-02,
762,1.00e-02,
763,3.00e-02,
764,-1.00e-02,
765,-1.00e-02,
766,3.00e-02,
767,1.00e-02,
768,-3.00e-02,
769,1.00e-02,
770,3.00e-02,
771,-1.00e-02,
772,-1.00e-02,
773,3.00e-02,
774,3.00e-02,
775,-3.00e-02,
776,-1.00e-02,
777,3.00e-02,
778,-1.00e-02,
779,-1.00e-02,
780,1.00e-02,
781,3.00e-02,
782,-1.00e-02,
783,1.00e-02,
784,3.00e-02,
785,1.00e-02,
786,-3.00e-02,
787,1.00e-02,
788,3.00e-02,
789,-1.00e-02,
790,-1.00e-02,
791,3.00e-02,
792,1.00e-02,
793,-3.00e-02,
794,1.00e-02,
795,3.00e-02,
796,1.00e-02,
797,-3.00e-02,
798,3.00e-02,
799,3.00e-02,
800,-1.00e-02,
801,-1.00e-02,
802,3.00e-02,
803,1.00e-02,
804,-3.00e-02,
805,1.00e-02,
806,3.00e-02,
807,-1.00e-02,
808,-3.00e-02,
809,3.00e-02,
810,3.00e-02,
811,-3.00e-02,
812,1.00e-02,
813,3.00e-02,
814,1.00e-02,
815,-3.00e-02,
816,1.00e-02,
817,3.00e-02,
818,-1.00e-02,
819,-1.00e-02,
820,3.00e-02,
821,1.00e-02,
822,-3.00e-02,
823,1.00e-02,
824,3.00e-02,
825,-1.00e-02,
826,-1.00e-02,
827,3.00e-02,
828,1.00e-02,
829,-1.00e-02,
830,-1.00e-02,
831,3.00e-02,
832,1.00e-02,
833,-3.00e-02,
834,1.00e-02,
835,3.00e-02,
836,-1.00e-02,
837,-1.00e-02,
838,3.00e-02,
839,3.00e-02,
840,-3.00e-02,
841,1.00e-02,
842,3.00e-02,
843,1.00e-02,
844,-1.00e-02,
845,1.00e-02,
846,3.00e-02,
847,-1.00e-02,
848,-1.00e-02,
849,3.00e-02,
850,1.00e-02,
851,-1.00e-02,
852,1.00e-02,
853,3.00e-02,
854,-1.00e-02,
855,-1.00e-02,
856,3.00e-02,
857,1.00e-02,
858,-3.00e-02,
859,1.00e-02,
860,3.00e-02,
861,1.00e-02,
862,-1.00e-02,
863,3.00e-02,
864,3.00e-02,
865,-3.00e-02,
866,-1.00e-02,
867,3.00e-02,
868,1.00e-02,
869,-3.00e-02,
870,1.00e-02,
871,3.00e-02,
872,-1.00e-02,
873,-1.00e-02,
874,3.00e-02,
875,3.00e-02,
876,-3.00e-02,
877,-1.00e-02,
878,3.00e-02,
879,1.00e-02,
880,-3.00e-02,
881,1.00e-02,
882,1.00e-02,
883,-1.00e-02,
884,-1.00e-02,
885,3.00e-02,
886,1.00e-02,
887,-3.00e-02,
888,-1.00e-02,
889,3.00e-02,
890,1.00e-02,
891,-1.00e-02,
892,1.00e-02,
893,3.00e-02,
894,-1.00e-02,
895,-1.00e-02,
896,1.00e-02,
897,1.00e-02,
898,-1.00e-02,
899,1.00e-02,
900,3.00e-02,
901,-1.00e-02,
902,-1.00e-02,
903,3.00e-02,
904,3.00e-02,
905,-3.00e-02,
906,-1.00e-02,
907,3.00e-02,
908,1.00e-02,
909,-1.00e-02,
910,1.00e-02,
911,3.00e-02,
912,-1.00e-02,
913,-3.00e-02,
914,3.00e-02,
915,1.00e-02,
916,-3.00e-02,
917,-1.00e-02,
918,3.00e-02,
919,-1.00e-02,
920,-3.00e-02,
921,1.00e-02,
922,3.00e-02,
923,-3.00e-02,
924,-1.00e-02,
925,3.00e-02,
926,1.00e-02,
927,-1.00e-02,
928,1.00e-02,
929,3.00e-02,
930,1.00e-02,
931,-3.00e-02,
932,1.00e-02,
933,3.00e-02,
934,-1.00e-02,
935,1.00e-02,
936,3.00e-02,
937,1.00e-02,
938,-1.00e-02,
939,1.00e-02,
940,3.00e-02,
941,-1.00e-02,
942,-1.00e-02,
943,3.00e-02,
944,3.00e-02,
945,-1.00e-02,
946,-1.00e-02,
947,1.00e-02,
948,1.00e-02,
949,-1.00e-02,
950,1.00e-02,
951,3.00e-02,
952,-1.00e-02,
953,-3.00e-02,
954,3.00e-02,
955,1.00e-02,
956,-1.00e-02,
957,-1.00e-02,
958,3.00e-02,
959,1.00e-02,
960,-3.00e-02,
961,1.00e-02,
962,3.00e-02,
963,-1.00e-02,
964,-1.00e-02,
965,3.00e-02,
966,1.00e-02,
967,-1.00e-02,
968,-1.00e-02,
969,3.00e-02,
970,1.00e-02,
971,-3.00e-02,
972,1.00e-02,
973,3.00e-02,
974,-1.00e-02,
975,-1.00e-02,
976,3.00e-02,
977,1.00e-02,
978,-3.00e-02,
979,1.00e-02,
980,3.00e-02,
981,1.00e-02,
982,-1.00e-02,
983,1.00e-02,
984,3.00e-02,
985,-3.00e-02,
986,-1.00e-02,
987,1.00e-02,
988,1.00e-02,
989,-3.00e-02,
990,1.00e-02,
991,3.00e-02,
992,-1.00e-02,
993,-3.00e-02,
994,1.00e-02,
995,1.00e-02,
996,-1.00e-02,
997,-1.00e-02,
998,3.00e-02,
999,1.00e-02,
1000,-3.00e-02,
1001,1.00e-02,
1002,3.00e-02,
1003,-1.00e-02,
1004,-1.00e-02,
1005,3.00e-02,
1006,3.00e-02,
1007,-1.00e-02,
1008,1.00e-02,
1009,3.00e-02,
1010,-1.00e-02,
1011,-3.00e-02,
1012,1.00e-02,
1013,3.00e-02,
1014,-1.00e-02,
1015,-1.00e-02,
1016,1.00e-02,
1017,1.00e-02,
1018,-3.00e-02,
1019,-1.00e-02,
1020,3.00e-02,
1021,1.00e-02,
1022,-3.00e-02,
1023,1.00e-02,
1024,3.00e-02,
1025,-1.00e-02,
1026,-1.00e-02,
1027,3.00e-02,
1028,1.00e-02,
1029,-3.00e-02,
1030,1.00e-02,
1031,3.00e-02,
1032,1.00e-02,
1033,-3.00e-02,
1034,3.00e-02,
1035,3.00e-02,
1036,-3.00e-02,
1037,-1.00e-02,
1038,3.00e-02,
1039,1.00e-02,
1040,-3.00e-02,
1041,1.00e-02,
1042,3.00e-02,
1043,1.00e-02,
1044,-1.00e-02,
1045,1.00e-02,
1046,1.00e-02,
1047,-1.00e-02,
1048,-1.00e-02,
1049,1.00e-02,
1050,1.00e-02,
1051,-3.00e-02,
1052,1.00e-02,
1053,3.00e-02,
1054,1.00e-02,
1055,-1.00e-02,
1056,1.00e-02,
1057,1.00e-02,
1058,-1.00e-02,
1059,-1.00e-02,
1060,3.00e-02,
1061,1.00e-02,
1062,-1.00e-02,
1063,1.00e-02,
1064,3.00e-02,
1065,-1.00e-02,
1066,-1.00e-02,
1067,1.00e-02,
1068,3.00e-02,
1069,-1.00e-02,
1070,-1.00e-02,
1071,3.00e-02,
1072,1.00e-02,
1073,-3.00e-02,
1074,1.00e-02,
1075,3.00e-02,
1076,-1.00e-02,
1077,-1.00e-02,
1078,3.00e-02,
1079,3.00e-02,
1080,-1.00e-02,
1081,-1.00e-02,
1082,3.00e-02,
1083,1.00e-02,
1084,-3.00e-02,
1085,1.00e-02,
1086,3.00e-02,
1087,-1.00e-02,
1088,-1.00e-02,
1089,1.00e-02,
1090,1.00e-02,
1091,-3.00e-02,
1092,-1.00e-02,
1093,3.00e-02,
1094,-1.00e-02,
1095,-3.00e-02,
1096,1.00e-02,
1097,1.00e-02,
1098,-1.00e-02,
1099,-1.00e-02,
1100,3.00e-02,
1101,1.00e-02,
1102,-1.00e-02,
1103,1.00e-02,
1104,3.00e-02,
1105,-1.00e-02,
1106,-1.00e-02,
1107,1.00e-02,
1108,3.00e-02,
1109,-1.00e-02,
1110,-1.00e-02,
1111,3.00e-02,
1112,1.00e-02,
1113,-1.00e-02,
1114,1.00e-02,
1115,1.00e-02,
1116,1.00e-02,
1117,-3.00e-02,
1118,1.00e-02,
1119,3.00e-02,
1120,-1.00e-02,
1121,-1.00e-02,
1122,1.00e-02,
1123,1.00e-02,
1124,-3.00e-02,
1125,-1.00e-02,
1126,3.00e-02,
1127,1.00e-02,
1128,-3.00e-02,
1129,1.00e-02,
1130,1.00e-02,
1131,-1.00e-02,
1132,-1.00e-02,
1133,3.00e-02,
1134,1.00e-02,
1135,-1.00e-02,
1136,1.00e-02,
1137,3.00e-02,
1138,-1.00e-02,
1139,-3.00e-02,
1140,1.00e-02,
1141,3.00e-02,
1142,-1.00e-02,
1143,-1.00e-02,
1144,1.00e-02,
1145,1.00e-02,
1146,-1.00e-02,
1147,-1.00e-02,
1148,3.00e-02,
1149,1.00e-02,
1150,-1.00e-02,
1151,3.00e-02,
1152,3.00e-02,
1153,-1.00e-02,
1154,-1.00e-02,
1155,1.00e-02,
1156,1.00e-02,
1157,-3.00e-02,
1158,-1.00e-02,
1159,3.00e-02,
1160,-1.00e-02,
1161,-1.00e-02,
1162,1.00e-02,
1163,3.00e-02,
1164,-1.00e-02,
1165,-1.00e-02,
1166,1.00e-02,
1167,1.00e-02,
1168,-1.00e-02,
1169,1.00e-02,
1170,1.00e-02,
1171,-1.00e-02,
1172,-3.00e-02,
1173,1.00e-02,
1174,1.00e-02,
1175,-1.00e-02,
1176,-1.00e-02,
1177,3.00e-02,
1178,1.00e-02,
1179,-1.00e-02,
1180,-1.00e-02,
1181,3.00e-02,
1182,-1.00e-02,
1183,-1.00e-02,
1184,1.00e-02,
1185,1.00e-02,
1186,-1.00e-02,
1187,-1.00e-02,
1188,3.00e-02,
1189,1.00e-02,
1190,-1.00e-02,
1191,1.00e-02,
1192,3.00e-02,
1193,-1.00e-02,
1194,-1.00e-02,
1195,1.00e-02,
1196,3.00e-02,
1197,-1.00e-02,
1198,-1.00e-02,
1199,3.00e-02,
1200,1.00e-02,
1201,-3.00e-02,
1202,1.00e-02,
1203,3.00e-02,
1204,1.00e-02,
1205,-1.00e-02,
1206,1.00e-02,
1207,3.00e-02,
1208,-1.00e-02,
1209,-1.00e-02,
1210,3.00e-02,
1211,1.00e-02,
1212,-3.00e-02,
1213,1.00e-02,
1214,3.00e-02,
1215,1.00e-02,
1216,-3.00e-02,
1217,1.00e-02,
1218,3.00e-02,
1219,-1.00e-02,
1220,-1.00e-02,
1221,3.00e-02,
1222,1.00e-02,
1223,-1.00e-02,
1224,1.00e-02,
1225,3.00e-02,
1226,1.00e-02,
1227,-1.00e-02,
1228,1.00e-02,
1229,1.00e-02,
1230,-1.00e-02,
1231,-1.00e-02,
1232,1.00e-02,
1233,1.00e-02,
1234,-3.00e-02,
1235,-1.00e-02,
1236,3.00e-02,
1237,1.00e-02,
1238,-1.00e-02,
1239,3.00e-02,
1240,3.00e-02,
1241,-1.00e-02,
1242,-1.00e-02,
1243,1.00e-02,
1244,1.00e-02,
1245,-1.00e-02,
1246,1.00e-02,
1247,3.00e-02,
1248,-1.00e-02,
1249,-1.00e-02,
1250,1.00e-02,
1251,3.00e-02,
1252,-1.00e-02,
1253,-1.00e-02,
1254,3.00e-02,
1255,1.00e-02,
1256,-3.00e-02,
1257,-1.00e-02,
1258,3.00e-02,
1259,-1.00e-02,
1260,-1.00e-02,
1261,1.00e-02,
1262,1.00e-02,
1263,-1.00e-02,
1264,-1.00e-02,
1265,1.00e-02,
1266,1.00e-02,
1267,-1.00e-02,
1268,1.00e-02,
1269,3.00e-02,
1270,-1.00e-02,
1271,-1.00e-02,
1272,1.00e-02,
1273,3.00e-02,
1274,-1.00e-02,
1275,-1.00e-02,
1276,3.00e-02,
1277,1.00e-02,
1278,-1.00e-02,
1279,1.00e-02,
1280,3.00e-02,
1281,-1.00e-02,
1282,-3.00e-02,
1283,1.00e-02,
1284,1.00e-02,
1285,-1.00e-02,
1286,-1.00e-02,
1287,3.00e-02,
1288,1.00e-02,
1289,-3.00e-02,
1290,1.00e-02,
1291,3.00e-02,
1292,-1.00e-02,
1293,-1.00e-02,
1294,3.00e-02,
1295,3.00e-02,
1296,-1.00e-02,
1297,-1.00e-02,
1298,3.00e-02,
1299,1.00e-02,
1300,-3.00e-02,
1301,1.00e-02,
1302,3.00e-02,
1303,-1.00e-02,
1304,-1.00e-02,
1305,1.00e-02,
1306,3.00e-02,
1307,-1.00e-02,
1308,-1.00e-02,
1309,3.00e-02,
1310,1.00e-02,
1311,-1.00e-02,
1312,-1.00e-02,
1313,3.00e-02,
1314,1.00e-02,
1315,-3.00e-02,
1316,1.00e-02,
1317,3.00e-02,
1318,-1.00e-02,
1319,-1.00e-02,
1320,3.00e-02,
1321,1.00e-02,
1322,-1.00e-02,
1323,-1.00e-02,
1324,3.00e-02,
1325,1.00e-02,
1326,-1.00e-02,
1327,3.00e-02,
1328,1.00e-02,
1329,-1.00e-02,
1330,-1.00e-02,
1331,1.00e-02,
1332,1.00e-02,
1333,-1.00e-02,
1334,1.00e-02,
1335,3.00e-02,
1336,-1.00e-02,
1337,-1.00e-02,
1338,3.00e-02,
1339,1.00e-02,
1340,-1.00e-02,
1341,1.00e-02,
1342,3.00e-02,
1343,1.00e-02,
1344,-3.00e-02,
1345,1.00e-02,
1346,3.00e-02,
1347,-1.00e-02,
1348,-1.00e-02,
1349,3.00e-02,
1350,3.00e-02,
1351,-1.00e-02,
1352,-1.00e-02,
1353,3.00e-02,
1354,1.00e-02,
1355,-3.00e-02,
1356,1.00e-02,
1357,3.00e-02,
1358,-1.00e-02,
1359,-1.00e-02,
1360,1.00e-02,
1361,1.00e-02,
1362,-1.00e-02,
1363,-1.00e-02,
1364,3.00e-02,
1365,1.00e-02,
1366,-1.00e-02,
1367,1.00e-02,
1368,3.00e-02,
1369,-1.00e-02,
1370,-1.00e-02,
1371,1.00e-02,
1372,3.00e-02,
1373,-1.00e-02,
1374,-1.00e-02,
1375,3.00e-02,
1376,1.00e-02,
1377,-1.00e-02,
1378,1.00e-02,
1379,3.00e-02,
1380,1.00e-02,
1381,-1.00e-02,
1382,1.00e-02,
1383,1.00e-02,
1384,-1.00e-02,
1385,-1.00e-02,
1386,3.00e-02,
1387,1.00e-02,
1388,-3.00e-02,
1389,1.00e-02,
1390,3.00e-02,
1391,1.00e-02,
1392,-3.00e-02,
1393,1.00e-02,
1394,3.00e-02,
1395,-3.00e-02,
1396,-1.00e-02,
1397,3.00e-02,
1398,1.00e-02,
1399,-1.00e-02,
1400,-1.00e-02,
1401,3.00e-02,
1402,-1.00e-02,
1403,-1.00e-02,
1404,1.00e-02,
1405,1.00e-02,
1406,-1.00e-02,
1407,-1.00e-02,
1408,1.00e-02,
1409,1.00e-02,
1410,-1.00e-02,
1411,-1.00e-02,
1412,3.00e-02,
1413,-1.00e-02,
1414,-1.00e-02,
1415,1.00e-02,
1416,1.00e-02,
1417,-1.00e-02,
1418,-1.00e-02,
1419,1.00e-02,
1420,1.00e-02,
1421,-3.00e-02,
1422,1.00e-02,
1423,3.00e-02,
1424,-1.00e-02,
1425,-1.00e-02,
1426,1.00e-02,
1427,1.00e-02,
1428,-1.00e-02,
1429,-1.00e-02,
1430,1.00e-02,
1431,1.00e-02,
1432,-3.00e-02,
1433,1.00e-02,
1434,3.00e-02,
1435,-1.00e-02,
1436,-3.00e-02,
1437,1.00e-02,
1438,1.00e-02,
1439,-1.00e-02,
1440,-1.00e-02,
1441,3.00e-02,
1442,1.00e-02,
1443,-3.00e-02,
1444,1.00e-02,
1445,1.00e-02,
1446,1.00e-02,
1447,-1.00e-02,
1448,1.00e-02,
1449,3.00e-02,
1450,-1.00e-02,
1451,-1.00e-02,
1452,3.00e-02,
1453,1.00e-02,
1454,-3.00e-02,
1455,1.00e-02,
1456,3.00e-02,
1457,-1.00e-02,
1458,-3.00e-02,
1459,1.00e-02,
1460,1.00e-02,
1461,-1.00e-02,
1462,-1.00e-02,
1463,3.00e-02,
1464,1.00e-02,
1465,-1.00e-02,
1466,1.00e-02,
1467,3.00e-02,
1468,-1.00e-02,
1469,-1.00e-02,
1470,1.00e-02,
1471,3.00e-02,
1472,-1.00e-02,
1473,-1.00e-02,
1474,1.00e-02,
1475,1.00e-02,
1476,-1.00e-02,
1477,1.00e-02,
1478,3.00e-02,
1479,-1.00e-02,
1480,-1.00e-02,
1481,1.00e-02,
1482,3.00e-02,
1483,-1.00e-02,
1484,-1.00e-02,
1485,1.00e-02,
1486,1.00e-02,
1487,-1.00e-02,
1488,-1.00e-02,
1489,3.00e-02,
1490,-1.00e-02,
1491,-1.00e-02,
1492,1.00e-02,
1493,3.00e-02,
1494,-1.00e-02,
1495,-1.00e-02,
1496,1.00e-02,
1497,1.00e-02,
1498,-1.00e-02,
1499,1.00e-02,
1500,3.00e-02,
1501,-1.00e-02,
1502,-1.00e-02,
1503,1.00e-02,
1504,3.00e-02,
1505,-1.00e-02,
1506,-1.00e-02,
1507,1.00e-02,
1508,1.00e-02,
1509,-1.00e-02,
1510,1.00e-02,
1511,3.00e-02,
1512,1.00e-02,
1513,-1.00e-02,
1514,1.00e-02,
1515,3.00e-02,
1516,-1.00e-02,
1517,-1.00e-02,
1518,3.00e-02,
1519,3.00e-02,
1520,-1.00e-02,
1521,-1.00e-02,
1522,3.00e-02,
1523,-1.00e-02,
1524,-1.00e-02,
1525,1.00e-02,
1526,3.00e-02,
1527,-1.00e-02,
1528,-1.00e-02,
1529,1.00e-02,
1530,1.00e-02,
1531,-1.00e-02,
1532,1.00e-02,
1533,3.00e-02,
1534,1.00e-02,
1535,-1.00e-02,
1536,1.00e-02,
1537,1.00e-02,
1538,-1.00e-02,
1539,-1.00e-02,
1540,3.00e-02,
1541,1.00e-02,
1542,-1.00e-02,
1543,1.00e-02,
1544,1.00e-02,
1545,-1.00e-02,
1546,-1.00e-02,
1547,1.00e-02,
1548,1.00e-02,
1549,-1.00e-02,
1550,-1.00e-02,
1551,3.00e-02,
1552,1.00e-02,
1553,-1.00e-02,
1554,-1.00e-02,
1555,3.00e-02,
1556,-1.00e-02,
1557,-1.00e-02,
1558,1.00e-02,
1559,3.00e-02,
1560,-1.00e-02,
1561,-1.00e-02,
1562,1.00e-02,
1563,1.00e-02,
1564,-1.00e-02,
1565,1.00e-02,
1566,3.00e-02,
1567,1.00e-02,
1568,-1.00e-02,
1569,1.00e-02,
1570,3.00e-02,
1571,-1.00e-02,
1572,-1.00e-02,
1573,3.00e-02,
1574,1.00e-02,
1575,-1.00e-02,
1576,-1.00e-02,
1577,3.00e-02,
1578,-1.00e-02,
1579,-1.00e-02,
1580,1.00e-02,
1581,3.00e-02,
1582,-1.00e-02,
1583,-1.00e-02,
1584,3.00e-02,
1585,1.00e-02,
1586,-1.00e-02,
1587,-1.00e-02,
1588,1.00e-02,
1589,-1.00e-02,
1590,-1.00e-02,
1591,1.00e-02,
1592,1.00e-02,
1593,-1.00e-02,
1594,-1.00e-02,
1595,1.00e-02,
1596,1.00e-02,
1597,-3.00e-02,
1598,1.00e-02,
1599,3.00e-02,
1600,1.00e-02,
1601,-3.00e-02,
1602,1.00e-02,
1603,1.00e-02,
1604,-1.00e-02,
1605,-1.00e-02,
1606,3.00e-02,
1607,1.00e-02,
1608,-1.00e-02,
1609,-1.00e-02,
1610,3.00e-02,
1611,1.00e-02,
1612,-1.00e-02,
1613,1.00e-02,
1614,3.00e-02,
1615,-1.00e-02,
1616,-1.00e-02,
1617,1.00e-02,
1618,1.00e-02,
1619,-1.00e-02,
1620,-1.00e-02,
1621,3.00e-02,
1622,1.00e-02,
1623,-1.00e-02,
1624,1.00e-02,
1625,3.00e-02,
1626,-1.00e-02,
1627,-1.00e-02,
1628,1.00e-02,
1629,1.00e-02,
1630,-1.00e-02,
1631,-1.00e-02,
1632,1.00e-02,
1633,1.00e-02,
1634,-1.00e-02,
1635,1.00e-02,
1636,3.00e-02,
1637,-1.00e-02,
1638,-1.00e-02,
1639,3.00e-02,
1640,1.00e-02,
1641,-1.00e-02,
1642,-1.00e-02,
1643,3.00e-02,
1644,1.00e-02,
1645,-1.00e-02,
1646,1.00e-02,
1647,3.00e-02,
1648,-1.00e-02,
1649,-1.00e-02,
1650,1.00e-02,
1651,1.00e-02,
1652,-3.00e-02,
1653,-1.00e-02,
1654,3.00e-02,
1655,1.00e-02,
1656,-3.00e-02,
1657,1.00e-02,
1658,3.00e-02,
1659,-1.00e-02,
1660,-1.00e-02,
1661,1.00e-02,
1662,1.00e-02,
1663,-1.00e-02,
1664,-1.00e-02,
1665,1.00e-02,
1666,1.00e-02,
1667,-3.00e-02,
1668,1.00e-02,
1669,3.00e-02,
1670,-1.00e-02,
1671,-1.00e-02,
1672,1.00e-02,
1673,1.00e-02,
1674,-1.00e-02,
1675,-1.00e-02,
1676,1.00e-02,
1677,1.00e-02,
1678,-3.00e-02,
1679,1.00e-02,
1680,3.00e-02,
1681,-1.00e-02,
1682,-3.00e-02,
1683,1.00e-02,
1684,3.00e-02,
1685,-1.00e-02,
1686,-1.00e-02,
1687,3.00e-02,
1688,1.00e-02,
1689,-3.00e-02,
1690,1.00e-02,
1691,3.00e-02,
1692,-1.00e-02,
1693,-3.00e-02,
1694,1.00e-02,
1695,3.00e-02,
1696,-1.00e-02,
1697,-1.00e-02,
1698,3.00e-02,
1699,1.00e-02,
1700,-3.00e-02,
1701,-1.00e-02,
1702,3.00e-02,
1703,1.00e-02,
1704,-1.00e-02,
1705,1.00e-02,
1706,3.00e-02,
1707,-3.00e-02,
1708,-1.00e-02,
1709,3.00e-02,
1710,1.00e-02,
1711,-1.00e-02,
1712,1.00e-02,
1713,3.00e-02,
1714,-1.00e-02,
1715,-1.00e-02,
1716,1.00e-02,
1717,1.00e-02,
1718,-1.00e-02,
1719,-1.00e-02,
1720,1.00e-02,
1721,1.00e-02,
1722,-1.00e-02,
1723,-1.00e-02,
1724,3.00e-02,
1725,-1.00e-02,
1726,-1.00e-02,
1727,1.00e-02,
1728,1.00e-02,
1729,-1.00e-02,
1730,-1.00e-02,
1731,1.00e-02,
1732,1.00e-02,
1733,-1.00e-02,
1734,1.00e-02,
1735,3.00e-02,
1736,1.00e-02,
1737,-1.00e-02,
1738,1.00e-02,
1739,1.00e-02,
1740,-1.00e-02,
1741,-1.00e-02,
1742,3.00e-02,
1743,1.00e-02,
1744,-1.00e-02,
1745,-1.00e-02,
1746,3.00e-02,
1747,-1.00e-02,
1748,-3.00e-02,
1749,1.00e-02,
1750,1.00e-02,
1751,-1.00e-02,
1752,-1.00e-02,
1753,1.00e-02,
1754,1.00e-02,
1755,-3.00e-02,
1756,1.00e-02,
1757,3.00e-02,
1758,1.00e-02,
1759,-1.00e-02,
1760,1.00e-02,
1761,1.00e-02,
1762,-1.00e-02,
1763,-1.00e-02,
1764,3.00e-02,
1765,1.00e-02,
1766,-1.00e-02,
1767,1.00e-02,
1768,3.00e-02,
1769,1.00e-02,
1770,-1.00e-02,
1771,1.00e-02,
1772,3.00e-02,
1773,-1.00e-02,
1774,-1.00e-02,
1775,3.00e-02,
1776,1.00e-02,
1777,-1.00e-02,
1778,-1.00e-02,
1779,3.00e-02,
1780,1.00e-02,
1781,-1.00e-02,
1782,1.00e-02,
1783,3.00e-02,
1784,-1.00e-02,
1785,-1.00e-02,
1786,3.00e-02,
1787,1.00e-02,
1788,-3.00e-02,
1789,1.00e-02,
1790,1.00e-02,
1791,1.00e-02,
1792,-1.00e-02,
1793,1.00e-02,
1794,3.00e-02,
1795,-1.00e-02,
1796,-1.00e-02,
1797,1.00e-02,
1798,1.00e-02,
1799,-1.00e-02,
1800,-1.00e-02,
1801,3.00e-02,
1802,-1.00e-02,
1803,-1.00e-02,
1804,1.00e-02,
1805,1.00e-02,
1806,-1.00e-02,
1807,-1.00e-02,
1808,1.00e-02,
1809,1.00e-02,
1810,-1.00e-02,
1811,-1.00e-02,
1812,3.00e-02,
1813,1.00e-02,
1814,-1.00e-02,
1815,1.00e-02,
1816,3.00e-02,
1817,-1.00e-02,
1818,-1.00e-02,
1819,1.00e-02,
1820,1.00e-02,
1821,-1.00e-02,
1822,1.00e-02,
1823,3.00e-02,
1824,1.00e-02,
1825,-3.00e-02,
1826,1.00e-02,
1827,1.00e-02,
1828,-1.00e-02,
1829,-1.00e-02,
1830,1.00e-02,
1831,3.00e-02,
1832,-3.00e-02,
1833,-1.00e-02,
1834,3.00e-02,
1835,1.00e-02,
1836,-3.00e-02,
1837,1.00e-02,
1838,1.00e-02,
1839,1.00e-02,
1840,-1.00e-02,
1841,1.00e-02,
1842,1.00e-02,
1843,-1.00e-02,
1844,-1.00e-02,
1845,3.00e-02,
1846,1.00e-02,
1847,-1.00e-02,
1848,1.00e-02,
1849,3.00e-02,
1850,-1.00e-02,
1851,-1.00e-02,
1852,1.00e-02,
1853,3.00e-02,
1854,-1.00e-02,
1855,-1.00e-02,
1856,1.00e-02,
1857,1.00e-02,
1858,-1.00e-02,
1859,1.00e-02,
1860,3.00e-02,
1861,-1.00e-02,
1862,-1.00e-02,
1863,1.00e-02,
1864,1.00e-02,
1865,-1.00e-02,
1866,-1.00e-02,
1867,1.00e-02,
1868,1.00e-02,
1869,-1.00e-02,
1870,1.00e-02,
1871,3.00e-02,
1872,-1.00e-02,
1873,-1.00e-02,
1874,1.00e-02,
1875,1.00e-02,
1876,-1.00e-02,
1877,-1.00e-02,
1878,3.00e-02,
1879,1.00e-02,
1880,-3.00e-02,
1881,1.00e-02,
1882,3.00e-02,
1883,-1.00e-02,
1884,-1.00e-02,
1885,1.00e-02,
1886,3.00e-02,
1887,-1.00e-02,
1888,-1.00e-02,
1889,1.00e-02,
1890,1.00e-02,
1891,-1.00e-02,
1892,1.00e-02,
1893,3.00e-02,
1894,1.00e-02,
1895,-1.00e-02,
1896,1.00e-02,
1897,1.00e-02,
1898,-1.00e-02,
1899,-1.00e-02,
1900,3.00e-02,
1901,1.00e-02,
1902,-1.00e-02,
1903,1.00e-02,
1904,3.00e-02,
1905,-1.00e-02,
1906,-1.00e-02,
1907,1.00e-02,
1908,3.00e-02,
1909,-1.00e-02,
1910,-1.00e-02,
1911,3.00e-02,
1912,1.00e-02,
1913,-1.00e-02,
1914,1.00e-02,
1915,1.00e-02,
1916,-1.00e-02,
1917,-1.00e-02,
1918,1.00e-02,
1919,3.00e-02,
1920,-1.00e-02,
1921,-1.00e-02,
1922,1.00e-02,
1923,1.00e-02,
1924,-1.00e-02,
1925,-1.00e-02,
1926,1.00e-02,
1927,1.00e-02,
1928,-1.00e-02,
1929,1.00e-02,
1930,3.00e-02,
1931,-1.00e-02,
1932,-1.00e-02,
1933,3.00e-02,
1934,1.00e-02,
1935,-3.00e-02,
1936,1.00e-02,
1937,3.00e-02,
1938,-1.00e-02,
1939,-1.00e-02,
1940,1.00e-02,
1941,3.00e-02,
1942,-1.00e-02,
1943,-1.00e-02,
1944,3.00e-02,
1945,-1.00e-02,
1946,-1.00e-02,
1947,1.00e-02,
1948,3.00e-02,
1949,-1.00e-02,
1950,-1.00e-02,
1951,3.00e-02,
1952,3.00e-02,
1953,-1.00e-02,
1954,-1.00e-02,
1955,1.00e-02,
1956,1.00e-02,
1957,-1.00e-02,
1958,1.00e-02,
1959,3.00e-02,
1960,-1.00e-02,
1961,-3.00e-02,
1962,1.00e-02,
1963,1.00e-02,
1964,-1.00e-02,
1965,-1.00e-02,
1966,1.00e-02,
1967,3.00e-02,
1968,-1.00e-02,
1969,-1.00e-02,
1970,1.00e-02,
1971,1.00e-02,
1972,-3.00e-02,
1973,1.00e-02,
1974,1.00e-02,
1975,-1.00e-02,
1976,-1.00e-02,
1977,1.00e-02,
1978,1.00e-02,
1979,-1.00e-02,
1980,-1.00e-02,
1981,3.00e-02,
1982,1.00e-02,
1983,-1.00e-02,
1984,1.00e-02,
1985,1.00e-02,
1986,-1.00e-02,
1987,-1.00e-02,
1988,3.00e-02,
1989,1.00e-02,
1990,-1.00e-02,
1991,1.00e-02,
1992,3.00e-02,
1993,-1.00e-02,
1994,-1.00e-02,
1995,1.00e-02,
1996,3.00e-02,
1997,-1.00e-02,
1998,-1.00e-02,
1999,3.00e-02,
2000,1.00e-02,
2001,-3.00e-02,
2002,1.00e-02,
2003,3.00e-02,
2004,1.00e-02,
2005,-1.00e-02,
2006,1.00e-02,
2007,3.00e-02,
2008,-1.00e-02,
2009,-1.00e-02,
2010,1.00e-02,
2011,1.00e-02,
2012,-1.00e-02,
2013,-1.00e-02,
2014,3.00e-02,
2015,1.00e-02,
2016,-1.00e-02,
2017,1.00e-02,
2018,1.00e-02,
2019,-1.00e-02,
2020,-1.00e-02,
2021,1.00e-02,
2022,3.00e-02,
2023,-1.00e-02,
2024,-1.00e-02,
2025,3.00e-02,
2026,1.00e-02,
2027,-3.00e-02,
2028,1.00e-02,
2029,1.00e-02,
2030,1.00e-02,
2031,-1.00e-02,
2032,1.00e-02,
2033,1.00e-02,
2034,-1.00e-02,
2035,-1.00e-02,
2036,1.00e-02,
2037,1.00e-02,
2038,-3.00e-02,
2039,1.00e-02,
2040,3.00e-02,
2041,-1.00e-02,
2042,-1.00e-02,
2043,1.00e-02,
2044,1.00e-02,
2045,-1.00e-02,
2046,-1.00e-02,
2047,3.00e-02,
2048,1.00e-02,
2049,-1.00e-02,
2050,1.00e-02,
2051,1.00e-02,
2052,1.00e-02,
2053,-1.00e-02,
2054,1.00e-02,
2055,3.00e-02,
2056,-1.00e-02,
2057,-1.00e-02,
2058,3.00e-02,
2059,1.00e-02,
2060,-3.00e-02,
2061,-1.00e-02,
2062,3.00e-02,
2063,-1.00e-02,
2064,-1.00e-02,
2065,1.00e-02,
2066,1.00e-02,
2067,-1.00e-02,
2068,-1.00e-02,
2069,3.00e-02,
2070,1.00e-02,
2071,-1.00e-02,
2072,1.00e-02,
2073,1.00e-02,
2074,-1.00e-02,
2075,-3.00e-02,
2076,1.00e-02,
2077,3.00e-02,
2078,-1.00e-02,
2079,1.00e-02,
2080,1.00e-02,
2081,1.00e-02,
2082,-3.00e-02,
2083,-1.00e-02,
2084,3.00e-02,
2085,-1.00e-02,
2086,-1.00e-02,
2087,3.00e-02,
2088,1.00e-02,
2089,-1.00e-02,
2090,-1.00e-02,
2091,1.00e-02,
2092,1.00e-02,
2093,-1.00e-02,
2094,1.00e-02,
2095,3.00e-02,
2096,-1.00e-02,
2097,-1.00e-02,
2098,1.00e-02,
2099,3.00e-02,
2100,-1.00e-02,
2101,-1.00e-02,
2102,1.00e-02,
2103,3.00e-02,
2104,-1.00e-02,
2105,-1.00e-02,
2106,3.00e-02,
2107,1.00e-02,
2108,-1.00e-02,
2109,1.00e-02,
2110,1.00e-02,
2111,-1.00e-02,
2112,-1.00e-02,
2113,1.00e-02,
2114,1.00e-02,
2115,-3.00e-02,
2116,-1.00e-02,
2117,1.00e-02,
2118,1.00e-02,
2119,-1.00e-02,
2120,1.00e-02,
2121,1.00e-02,
2122,-1.00e-02,
2123,-1.00e-02,
2124,3.00e-02,
2125,1.00e-02,
2126,-1.00e-02,
2127,1.00e-02,
2128,3.00e-02,
2129,1.00e-02,
2130,-1.00e-02,
2131,1.00e-02,
2132,1.00e-02,
2133,-1.00e-02,
2134,-1.00e-02,
2135,1.00e-02,
2136,1.00e-02,
2137,-1.00e-02,
2138,1.00e-02,
2139,3.00e-02,
2140,-1.00e-02,
2141,-3.00e-02,
2142,1.00e-02,
2143,3.00e-02,
2144,1.00e-02,
2145,-3.00e-02,
2146,1.00e-02,
2147,1.00e-02,
2148,-3.00e-02,
2149,-1.00e-02,
2150,3.00e-02,
2151,1.00e-02,
2152,-3.00e-02,
2153,1.00e-02,
2154,3.00e-02,
2155,-1.00e-02,
2156,-1.00e-02,
2157,1.00e-02,
2158,1.00e-02,
2159,-1.00e-02,
2160,-1.00e-02,
2161,3.00e-02,
2162,1.00e-02,
2163,-3.00e-02,
2164,1.00e-02,
2165,3.00e-02,
2166,1.00e-02,
2167,-3.00e-02,
2168,1.00e-02,
2169,1.00e-02,
2170,-1.00e-02,
2171,-1.00e-02,
2172,3.00e-02,
2173,1.00e-02,
2174,-1.00e-02,
2175,1.00e-02,
2176,3.00e-02,
2177,1.00e-02,
2178,-1.00e-02,
2179,3.00e-02,
2180,1.00e-02,
2181,-3.00e-02,
2182,-1.00e-02,
2183,3.00e-02,
2184,1.00e-02,
2185,-3.00e-02,
2186,1.00e-02,
2187,3.00e-02,
2188,-1.00e-02,
2189,-1.00e-02,
2190,1.00e-02,
2191,3.00e-02,
2192,-1.00e-02,
2193,-1.00e-02,
2194,1.00e-02,
2195,-1.00e-02,
2196,-1.00e-02,
2197,1.00e-02,
2198,3.00e-02,
2199,1.00e-02,
2200,-1.00e-02,
2201,3.00e-02,
2202,1.00e-02,
2203,-3.00e-02,
2204,-1.00e-02,
2205,3.00e-02,
2206,1.00e-02,
2207,-3.00e-02,
2208,1.00e-02,
2209,3.00e-02,
2210,-1.00e-02,
2211,-1.00e-02,
2212,1.00e-02,
2213,3.00e-02,
2214,-1.00e-02,
2215,-1.00e-02,
2216,3.00e-02,
2217,1.00e-02,
2218,-1.00e-02,
2219,1.00e-02,
2220,1.00e-02,
2221,-1.00e-02,
2222,-1.00e-02,
2223,1.00e-02,
2224,1.00e-02,
2225,-1.00e-02,
2226,-1.00e-02,
2227,1.00e-02,
2228,1.00e-02,
2229,-1.00e-02,
2230,1.00e-02,
2231,3.00e-02,
2232,-1.00e-02,
2233,-1.00e-02,
2234,1.00e-02,
2235,1.00e-02,
2236,-1.00e-02,
2237,-1.00e-02,
2238,3.00e-02,
2239,1.00e-02,
2240,-1.00e-02,
2241,-1.00e-02,
2242,1.00e-02,
2243,-1.00e-02,
2244,-1.00e-02,
2245,1.00e-02,
2246,1.00e-02,
2247,-1.00e-02,
2248,-1.00e-02,
2249,1.00e-02,
2250,1.00e-02,
2251,-3.00e-02,
2252,1.00e-02,
2253,3.00e-02,
2254,1.00e-02,
2255,-1.00e-02,
2256,1.00e-02,
2257,1.00e-02,
2258,-1.00e-02,
2259,-1.00e-02,
2260,1.00e-02,
2261,3.00e-02,
2262,-3.00e-02,
2263,1.00e-02,
2264,3.00e-02,
2265,-1.00e-02,
2266,-1.00e-02,
2267,1.00e-02,
2268,3.00e-02,
2269,-1.00e-02,
2270,-1.00e-02,
2271,3.00e-02,
2272,1.00e-02,
2273,-3.00e-02,
2274,1.00e-02,
2275,3.00e-02,
2276,-1.00e-02,
2277,-1.00e-02,
2278,1.00e-02,
2279,3.00e-02,
2280,-1.00e-02,
2281,-1.00e-02,
2282,1.00e-02,
2283,1.00e-02,
2284,-1.00e-02,
2285,1.00e-02,
2286,3.00e-02,
2287,1.00e-02,
2288,-1.00e-02,
2289,1.00e-02,
2290,1.00e-02,
2291,-1.00e-02,
2292,-1.00e-02,
2293,1.00e-02,
2294,1.00e-02,
2295,-1.00e-02,
2296,-1.00e-02,
2297,1.00e-02,
2298,1.00e-02,
2299,-1.00e-02,
2300,1.00e-02,
2301,3.00e-02,
2302,-1.00e-02,
2303,-1.00e-02,
2304,1.00e-02,
2305,1.00e-02,
2306,-1.00e-02,
2307,-1.00e-02,
2308,3.00e-02,
2309,1.00e-02,
2310,-1.00e-02,
2311,1.00e-02,
2312,3.00e-02,
2313,-1.00e-02,
2314,-1.00e-02,
2315,1.00e-02,
2316,1.00e-02,
2317,-1.00e-02,
2318,-1.00e-02,
2319,3.00e-02,
2320,-1.00e-02,
2321,-1.00e-02,
2322,1.00e-02,
2323,3.00e-02,
2324,-1.00e-02,
2325,-1.00e-02,
2326,3.00e-02,
2327,3.00e-02,
2328,-1.00e-02,
2329,-1.00e-02,
2330,1.00e-02,
2331,1.00e-02,
2332,-1.00e-02,
2333,1.00e-02,
2334,1.00e-02,
2335,-1.00e-02,
2336,-3.00e-02,
2337,1.00e-02,
2338,3.00e-02,
2339,-1.00e-02,
2340,-1.00e-02,
2341,3.00e-02,
2342,1.00e-02,
2343,-1.00e-02,
2344,1.00e-02,
2345,3.00e-02,
2346,-1.00e-02,
2347,-1.00e-02,
2348,1.00e-02,
2349,3.00e-02,
2350,-1.00e-02,
2351,-1.00e-02,
2352,1.00e-02,
2353,1.00e-02,
2354,-1.00e-02,
2355,1.00e-02,
2356,1.00e-02,
2357,1.00e-02,
2358,-1.00e-02,
2359,1.00e-02,
2360,1.00e-02,
2361,-1.00e-02,
2362,-1.00e-02,
2363,3.00e-02,
2364,1.00e-02,
2365,-1.00e-02,
2366,-1.00e-02,
2367,3.00e-02,
2368,1.00e-02,
2369,-1.00e-02,
2370,1.00e-02,
2371,3.00e-02,
2372,-1.00e-02,
2373,1.00e-02,
2374,3.00e-02,
2375,1.00e-02,
2376,-3.00e-02,
2377,1.00e-02,
2378,1.00e-02,
2379,1.00e-02,
2380,-3.00e-02,
2381,3.00e-02,
2382,1.00e-02,
2383,-1.00e-02,
2384,-1.00e-02,
2385,1.00e-02,
2386,1.00e-02,
2387,-1.00e-02,
2388,1.00e-02,
2389,3.00e-02,
2390,-1.00e-02,
2391,-1.00e-02,
2392,1.00e-02,
2393,1.00e-02,
2394,-1.00e-02,
2395,-1.00e-02,
2396,3.00e-02,
2397,1.00e-02,
2398,-3.00e-02,
2399,1.00e-02,
2400,1.00e-02,
2401,-1.00e-02,
2402,-1.00e-02,
2403,1.00e-02,
2404,1.00e-02,
2405,-1.00e-02,
2406,-1.00e-02,
2407,3.00e-02,
2408,1.00e-02,
2409,-3.00e-02,
2410,-1.00e-02,
2411,1.00e-02,
2412,1.00e-02,
2413,-3.00e-02,
2414,1.00e-02,
2415,3.00e-02,
2416,-1.00e-02,
2417,-1.00e-02,
2418,1.00e-02,
2419,1.00e-02,
2420,-1.00e-02,
2421,-1.00e-02,
2422,3.00e-02,
2423,1.00e-02,
2424,-1.00e-02,
2425,1.00e-02,
2426,3.00e-02,
2427,-1.00e-02,
2428,-1.00e-02,
2429,1.00e-02,
2430,1.00e-02,
2431,-1.00e-02,
2432,-1.00e-02,
2433,1.00e-02,
2434,-1.00e-02,
2435,-3.00e-02,
2436,1.00e-02,
2437,1.00e-02,
2438,-1.00e-02,
2439,-1.00e-02,
2440,1.00e-02,
2441,1.00e-02,
2442,-1.00e-02,
2443,1.00e-02,
2444,1.00e-02,
2445,-1.00e-02,
2446,-1.00e-02,
2447,1.00e-02,
2448,3.00e-02,
2449,-1.00e-02,
2450,-1.00e-02,
2451,1.00e-02,
2452,1.00e-02,
2453,-3.00e-02,
2454,1.00e-02,
2455,3.00e-02,
2456,1.00e-02,
2457,-3.00e-02,
2458,1.00e-02,
2459,3.00e-02,
2460,-1.00e-02,
2461,-1.00e-02,
2462,1.00e-02,
2463,3.00e-02,
2464,-1.00e-02,
2465,-1.00e-02,
2466,3.00e-02,
2467,1.00e-02,
2468,-3.00e-02,
2469,1.00e-02,
2470,1.00e-02,
2471,-1.00e-02,
2472,-1.00e-02,
2473,1.00e-02,
2474,1.00e-02,
2475,-3.00e-02,
2476,-1.00e-02,
2477,3.00e-02,
2478,1.00e-02,
2479,-1.00e-02,
2480,1.00e-02,
2481,1.00e-02,
2482,-1.00e-02,
2483,-1.00e-02,
2484,1.00e-02,
2485,1.00e-02,
2486,-1.00e-02,
2487,1.00e-02,
2488,3.00e-02,
2489,1.00e-02,
2490,-3.00e-02,
2491,1.00e-02,
2492,1.00e-02,
2493,-1.00e-02,
2494,-1.00e-02,
2495,1.00e-02,
2496,3.00e-02,
2497,-1.00e-02,
2498,-1.00e-02,
2499,1.00e-02,
2500,1.00e-02,
2501,-1.00e-02,
2502,1.00e-02,
2503,3.00e-02,
2504,-1.00e-02,
2505,-1.00e-02,
2506,1.00e-02,
2507,1.00e-02,
2508,-1.00e-02,
2509,1.00e-02,
2510,3.00e-02,
2511,1.00e-02,
2512,-1.00e-02,
2513,-1.00e-02,
2514,3.00e-02,
2515,-1.00e-02,
2516,-1.00e-02,
2517,3.00e-02,
2518,1.00e-02,
2519,-1.00e-02,
2520,-1.00e-02,
2521,1.00e-02,
2522,1.00e-02,
2523,-3.00e-02,
2524,1.00e-02,
2525,3.00e-02,
2526,1.00e-02,
2527,-1.00e-02,
2528,1.00e-02,
2529,1.00e-02,
2530,-1.00e-02,
2531,-1.00e-02,
2532,3.00e-02,
2533,1.00e-02,
2534,-1.00e-02,
2535,1.00e-02,
2536,3.00e-02,
2537,-1.00e-02,
2538,-3.00e-02,
2539,1.00e-02,
2540,1.00e-02,
2541,-1.00e-02,
2542,-1.00e-02,
2543,1.00e-02,
2544,1.00e-02,
2545,-1.00e-02,
2546,1.00e-02,
2547,1.00e-02,
2548,-1.00e-02,
2549,-1.00e-02,
2550,1.00e-02,
2551,3.00e-02,
2552,-1.00e-02,
2553,-1.00e-02,
2554,1.00e-02,
2555,1.00e-02,
2556,-1.00e-02,
2557,1.00e-02,
2558,3.00e-02,
2559,1.00e-02,
2560,-3.00e-02,
2561,1.00e-02,
2562,1.00e-02,
2563,-1.00e-02,
2564,-1.00e-02,
2565,1.00e-02,
2566,1.00e-02,
2567,-1.00e-02,
2568,1.00e-02,
2569,3.00e-02,
2570,-1.00e-02,
2571,-1.00e-02,
2572,1.00e-02,
2573,1.00e-02,
2574,1.00e-02,
2575,-1.00e-02,
2576,1.00e-02,
2577,1.00e-02,
2578,-3.00e-02,
2579,1.00e-02,
2580,1.00e-02,
2581,1.00e-02,
2582,-1.00e-02,
2583,1.00e-02,
2584,3.00e-02,
2585,-1.00e-02,
2586,-1.00e-02,
2587,1.00e-02,
2588,1.00e-02,
2589,-1.00e-02,
2590,1.00e-02,
2591,3.00e-02,
2592,-1.00e-02,
2593,-3.00e-02,
2594,1.00e-02,
2595,3.00e-02,
2596,-1.00e-02,
2597,-1.00e-02,
2598,1.00e-02,
2599,3.00e-02,
2600,-1.00e-02,
2601,-1.00e-02,
2602,3.00e-02,
2603,-1.00e-02,
2604,-1.00e-02,
2605,1.00e-02,
2606,3.00e-02,
2607,-1.00e-02,
2608,-3.00e-02,
2609,1.00e-02,
2610,1.00e-02,
2611,-1.00e-02,
2612,-1.00e-02,
2613,3.00e-02,
2614,1.00e-02,
2615,-1.00e-02,
2616,1.00e-02,
2617,3.00e-02,
2618,-1.00e-02,
2619,-1.00e-02,
2620,1.00e-02,
2621,3.00e-02,
2622,-1.00e-02,
2623,-1.00e-02,
2624,1.00e-02,
2625,1.00e-02,
2626,-1.00e-02,
2627,1.00e-02,
2628,1.00e-02,
2629,-1.00e-02,
2630,-1.00e-02,
2631,1.00e-02,
2632,1.00e-02,
2633,-1.00e-02,
2634,-1.00e-02,
2635,3.00e-02,
2636,1.00e-02,
2637,-3.00e-02,
2638,1.00e-02,
2639,3.00e-02,
2640,-1.00e-02,
2641,-1.00e-02,
2642,1.00e-02,
2643,1.00e-02,
2644,-1.00e-02,
2645,-1.00e-02,
2646,3.00e-02,
2647,1.00e-02,
2648,-3.00e-02,
2649,-1.00e-02,
2650,1.00e-02,
2651,-1.00e-02,
2652,-3.00e-02,
2653,1.00e-02,
2654,3.00e-02,
2655,-1.00e-02,
2656,-1.00e-02,
2657,1.00e-02,
2658,1.00e-02,
2659,-1.00e-02,
2660,1.00e-02,
2661,3.00e-02,
2662,-1.00e-02,
2663,-1.00e-02,
2664,1.00e-02,
2665,1.00e-02,
2666,-1.00e-02,
2667,-1.00e-02,
2668,1.00e-02,
2669,1.00e-02,
2670,-1.00e-02,
2671,1.00e-02,
2672,3.00e-02,
2673,-1.00e-02,
2674,-1.00e-02,
2675,1.00e-02,
2676,1.00e-02,
2677,-1.00e-02,
2678,-1.00e-02,
2679,1.00e-02,
2680,1.00e-02,
2681,-3.00e-02,
2682,-1.00e-02,
2683,1.00e-02,
2684,-1.00e-02,
2685,-3.00e-02,
2686,1.00e-02,
2687,3.00e-02,
2688,-1.00e-02,
2689,-1.00e-02,
2690,3.00e-02,
2691,1.00e-02,
2692,-1.00e-02,
2693,1.00e-02,
2694,3.00e-02,
2695,1.00e-02,
2696,-1.00e-02,
2697,1.00e-02,
2698,1.00e-02,
2699,-1.00e-02,
2700,-1.00e-02,
2701,1.00e-02,
2702,1.00e-02,
2703,-1.00e-02,
2704,-1.00e-02,
2705,3.00e-02,
2706,-1.00e-02,
2707,-3.00e-02,
2708,1.00e-02,
2709,3.00e-02,
2710,-1.00e-02,
2711,-1.00e-02,
2712,1.00e-02,
2713,1.00e-02,
2714,-1.00e-02,
2715,-1.00e-02,
2716,3.00e-02,
2717,1.00e-02,
2718,-1.00e-02,
2719,1.00e-02,
2720,1.00e-02,
2721,-1.00e-02,
2722,-1.00e-02,
2723,1.00e-02,
2724,1.00e-02,
2725,-1.00e-02,
2726,1.00e-02,
2727,3.00e-02,
2728,1.00e-02,
2729,-1.00e-02,
2730,1.00e-02,
2731,1.00e-02,
2732,-1.00e-02,
2733,-1.00e-02,
2734,1.00e-02,
2735,3.00e-02,
2736,-1.00e-02,
2737,-1.00e-02,
2738,1.00e-02,
2739,-1.00e-02,
2740,-3.00e-02,
2741,1.00e-02,
2742,1.00e-02,
2743,1.00e-02,
2744,-1.00e-02,
2745,1.00e-02,
2746,1.00e-02,
2747,-1.00e-02,
2748,-1.00e-02,
2749,1.00e-02,
2750,1.00e-02,
2751,-1.00e-02,
2752,1.00e-02,
2753,1.00e-02,
2754,1.00e-02,
2755,-1.00e-02,
2756,1.00e-02,
2757,3.00e-02,
2758,-1.00e-02,
2759,-1.00e-02,
2760,1.00e-02,
2761,1.00e-02,
2762,-1.00e-02,
2763,1.00e-02,
2764,1.00e-02,
2765,-1.00e-02,
2766,-1.00e-02,
2767,3.00e-02,
2768,1.00e-02,
2769,-1.00e-02,
2770,-1.00e-02,
2771,3.00e-02,
2772,1.00e-02,
2773,-1.00e-02,
2774,1.00e-02,
2775,3.00e-02,
2776,1.00e-02,
2777,-1.00e-02,
2778,1.00e-02,
2779,1.00e-02,
2780,-3.00e-02,
2781,-1.00e-02,
2782,1.00e-02,
2783,1.00e-02,
2784,-3.00e-02,
2785,-1.00e-02,
2786,3.00e-02,
2787,-1.00e-02,
2788,-1.00e-02,
2789,1.00e-02,
2790,1.00e-02,
2791,-1.00e-02,
2792,-1.00e-02,
2793,1.00e-02,
2794,1.00e-02,
2795,-1.00e-02,
2796,-1.00e-02,
2797,3.00e-02,
2798,1.00e-02,
2799,-1.00e-02,
2800,1.00e-02,
2801,1.00e-02,
2802,-1.00e-02,
2803,-1.00e-02,
2804,1.00e-02,
2805,1.00e-02,
2806,-1.00e-02,
2807,1.00e-02,
2808,1.00e-02,
2809,-1.00e-02,
2810,-1.00e-02,
2811,-1.00e-02,
2812,1.00e-02,
2813,-1.00e-02,
2814,-1.00e-02,
2815,3.00e-02,
2816,1.00e-02,
2817,-3.00e-02,
2818,1.00e-02,
2819,3.00e-02,
2820,-1.00e-02,
2821,-1.00e-02,
2822,1.00e-02,
2823,3.00e-02,
2824,-1.00e-02,
2825,-1.00e-02,
2826,1.00e-02,
2827,1.00e-02,
2828,-3.00e-02,
2829,1.00e-02,
2830,3.00e-02,
2831,1.00e-02,
2832,-3.00e-02,
2833,1.00e-02,
2834,1.00e-02,
2835,-1.00e-02,
2836,-1.00e-02,
2837,1.00e-02,
2838,1.00e-02,
2839,-1.00e-02,
2840,-1.00e-02,
2841,1.00e-02,
2842,-1.00e-02,
2843,-3.00e-02,
2844,1.00e-02,
2845,1.00e-02,
2846,-1.00e-02,
2847,-1.00e-02,
2848,1.00e-02,
2849,1.00e-02,
2850,-1.00e-02,
2851,-1.00e-02,
2852,3.00e-02,
2853,-1.00e-02,
2854,-1.00e-02,
2855,1.00e-02,
2856,3.00e-02,
2857,-1.00e-02,
2858,-1.00e-02,
2859,1.00e-02,
2860,1.00e-02,
2861,-1.00e-02,
2862,-1.00e-02,
2863,3.00e-02,
2864,1.00e-02,
2865,-1.00e-02,
2866,1.00e-02,
2867,1.00e-02,
2868,-1.00e-02,
2869,-1.00e-02,
2870,1.00e-02,
2871,1.00e-02,
2872,-1.00e-02,
2873,-1.00e-02,
2874,3.00e-02,
2875,-1.00e-02,
2876,-1.00e-02,
2877,1.00e-02,
2878,1.00e-02,
2879,1.00e-02,
2880,-1.00e-02,
2881,1.00e-02,
2882,1.00e-02,
2883,-1.00e-02,
2884,-1.00e-02,
2885,3.00e-02,
2886,1.00e-02,
2887,-3.00e-02,
2888,1.00e-02,
2889,1.00e-02,
2890,-1.00e-02,
2891,-1.00e-02,
2892,1.00e-02,
2893,3.00e-02,
2894,-1.00e-02,
2895,-1.00e-02,
2896,1.00e-02,
2897,1.00e-02,
2898,-1.00e-02,
2899,1.00e-02,
2900,3.00e-02,
2901,-1.00e-02,
2902,-1.00e-02,
2903,1.00e-02,
2904,3.00e-02,
2905,-1.00e-02,
2906,-1.00e-02,
2907,1.00e-02,
2908,1.00e-02,
2909,-1.00e-02,
2910,-1.00e-02,
2911,1.00e-02,
2912,-1.00e-02,
2913,-1.00e-02,
2914,1.00e-02,
2915,1.00e-02,
2916,-1.00e-02,
2917,-1.00e-02,
2918,1.00e-02,
2919,1.00e-02,
2920,-1.00e-02,
2921,-1.00e-02,
2922,1.00e-02,
2923,1.00e-02,
2924,-3.00e-02,
2925,1.00e-02,
2926,3.00e-02,
2927,-1.00e-02,
2928,-1.00e-02,
2929,1.00e-02,
2930,1.00e-02,
2931,-3.00e-02,
2932,1.00e-02,
2933,3.00e-02,
2934,-1.00e-02,
2935,-1.00e-02,
2936,1.00e-02,
2937,1.00e-02,
2938,-1.00e-02,
2939,-1.00e-02,
2940,1.00e-02,
2941,1.00e-02,
2942,-1.00e-02,
2943,1.00e-02,
2944,1.00e-02,
2945,1.00e-02,
2946,-1.00e-02,
2947,1.00e-02,
2948,1.00e-02,
2949,-1.00e-02,
2950,-1.00e-02,
2951,3.00e-02,
2952,1.00e-02,
2953,-3.00e-02,
2954,-1.00e-02,
2955,1.00e-02,
2956,-1.00e-02,
2957,-3.00e-02,
2958,1.00e-02,
2959,3.00e-02,
2960,-1.00e-02,
2961,-1.00e-02,
2962,1.00e-02,
2963,1.00e-02,
2964,-3.00e-02,
2965,-1.00e-02,
2966,3.00e-02,
2967,1.00e-02,
2968,-3.00e-02,
2969,1.00e-02,
2970,1.00e-02,
2971,-1.00e-02,
2972,-1.00e-02,
2973,3.00e-02,
2974,1.00e-02,
2975,-1.00e-02,
2976,1.00e-02,
2977,1.00e-02,
2978,-1.00e-02,
2979,-1.00e-02,
2980,1.00e-02,
2981,1.00e-02,
2982,-1.00e-02,
2983,-1.00e-02,
2984,1.00e-02,
2985,1.00e-02,
2986,-1.00e-02,
2987,-1.00e-02,
2988,1.00e-02,
2989,1.00e-02,
2990,-3.00e-02,
2991,1.00e-02,
2992,1.00e-02,
2993,-1.00e-02,
2994,-1.00e-02,
2995,1.00e-02,
2996,3.00e-02,
2997,-1.00e-02,
2998,1.00e-02,
2999,3.00e-02,
3000,-1.00e-02,
3001,-3.00e-02,
3002,1.00e-02,
3003,3.00e-02,
3004,-1.00e-02,
3005,-1.00e-02,
3006,1.00e-02,
3007,3.00e-02,
3008,-1.00e-02,
3009,-1.00e-02,
3010,1.00e-02,
3011,-1.00e-02,
3012,-3.00e-02,
3013,1.00e-02,
3014,3.00e-02,
3015,-1.00e-02,
3016,-1.00e-02,
3017,1.00e-02,
3018,1.00e-02,
3019,-1.00e-02,
3020,-1.00e-02,
3021,3.00e-02,
3022,1.00e-02,
3023,-1.00e-02,
3024,1.00e-02,
3025,3.00e-02,
3026,-1.00e-02,
3027,-1.00e-02,
3028,1.00e-02,
3029,1.00e-02,
3030,-1.00e-02,
3031,-1.00e-02,
3032,3.00e-02,
3033,1.00e-02,
3034,-3.00e-02,
3035,-1.00e-02,
3036,3.00e-02,
3037,1.00e-02,
3038,-3.00e-02,
3039,1.00e-02,
3040,1.00e-02,
3041,-1.00e-02,
3042,-1.00e-02,
3043,1.00e-02,
3044,1.00e-02,
3045,-1.00e-02,
3046,1.00e-02,
3047,3.00e-02,
3048,-1.00e-02,
3049,-1.00e-02,
3050,1.00e-02,
3051,3.00e-02,
3052,-1.00e-02,
3053,-1.00e-02,
3054,1.00e-02,
3055,3.00e-02,
3056,-3.00e-02,
3057,-1.00e-02,
3058,3.00e-02,
3059,1.00e-02,
3060,-1.00e-02,
3061,1.00e-02,
3062,1.00e-02,
3063,-1.00e-02,
3064,-1.00e-02,
3065,1.00e-02,
3066,1.00e-02,
3067,-3.00e-02,
3068,1.00e-02,
3069,1.00e-02,
3070,-1.00e-02,
3071,-1.00e-02,
3072,1.00e-02,
3073,1.00e-02,
3074,-1.00e-02,
3075,-1.00e-02,
3076,3.00e-02,
3077,1.00e-02,
3078,-1.00e-02,
3079,1.00e-02,
3080,3.00e-02,
3081,-1.00e-02,
3082,-1.00e-02,
3083,1.00e-02,
3084,3.00e-02,
3085,-1.00e-02,
3086,-1.00e-02,
3087,1.00e-02,
3088,1.00e-02,
3089,-1.00e-02,
3090,-1.00e-02,
3091,3.00e-02,
3092,1.00e-02,
3093,-3.00e-02,
3094,1.00e-02,
3095,3.00e-02,
3096,-1.00e-02,
3097,-1.00e-02,
3098,1.00e-02,
3099,1.00e-02,
3100,-1.00e-02,
3101,-1.00e-02,
3102,3.00e-02,
3103,1.00e-02,
3104,-1.00e-02,
3105,-1.00e-02,
3106,3.00e-02,
3107,-1.00e-02,
3108,-1.00e-02,
3109,3.00e-02,
3110,1.00e-02,
3111,-1.00e-02,
3112,-1.00e-02,
3113,1.00e-02,
3114,1.00e-02,
3115,-3.00e-02,
3116,-1.00e-02,
3117,3.00e-02,
3118,-1.00e-02,
3119,-1.00e-02,
3120,1.00e-02,
3121,3.00e-02,
3122,-3.00e-02,
3123,-1.00e-02,
3124,1.00e-02,
3125,1.00e-02,
3126,-3.00e-02,
3127,1.00e-02,
3128,1.00e-02,
3129,-1.00e-02,
3130,-1.00e-02,
3131,1.00e-02,
3132,1.00e-02,
3133,-1.00e-02,
3134,-1.00e-02,
3135,3.00e-02,
3136,-1.00e-02,
3137,-3.00e-02,
3138,1.00e-02,
3139,1.00e-02,
3140,-1.00e-02,
3141,-1.00e-02,
3142,1.00e-02,
3143,3.00e-02,
3144,-1.00e-02,
3145,-1.00e-02,
3146,1.00e-02,
3147,1.00e-02,
3148,-1.00e-02,
3149,1.00e-02,
3150,3.00e-02,
3151,-1.00e-02,
3152,-1.00e-02,
3153,1.00e-02,
3154,3.00e-02,
3155,-1.00e-02,
3156,-1.00e-02,
3157,1.00e-02,
3158,1.00e-02,
3159,-1.00e-02,
3160,1.00e-02,
3161,1.00e-02,
3162,-1.00e-02,
3163,-1.00e-02,
3164,1.00e-02,
3165,1.00e-02,
3166,-1.00e-02,
3167,1.00e-02,
3168,3.00e-02,
3169,1.00e-02,
3170,-3.00e-02,
3171,-1.00e-02,
3172,1.00e-02,
3173,-1.00e-02,
3174,-3.00e-02,
3175,1.00e-02,
3176,3.00e-02,
3177,-3.00e-02,
3178,-3.00e-02,
3179,3.00e-02,
3180,-1.00e-02,
3181,-1.00e-02,
3182,1.00e-02,
3183,3.00e-02,
3184,1.00e-02,
3185,-3.00e-02,
3186,1.00e-02,
3187,1.00e-02,
3188,-3.00e-02,
3189,-1.00e-02,
3190,1.00e-02,
3191,1.00e-02,
3192,-1.00e-02,
3193,-1.00e-02,
3194,1.00e-02,
3195,1.00e-02,
3196,-1.00e-02,
3197,1.00e-02,
3198,1.00e-02,
3199,-1.00e-02,
3200,-1.00e-02,
3201,1.00e-02,
3202,1.00e-02,
3203,-3.00e-02,
3204,1.00e-02,
3205,3.00e-02,
3206,1.00e-02,
3207,-1.00e-02,
3208,1.00e-02,
3209,1.00e-02,
3210,-1.00e-02,
3211,-1.00e-02,
3212,1.00e-02,
3213,1.00e-02,
3214,-1.00e-02,
3215,1.00e-02,
3216,1.00e-02,
3217,-1.00e-02,
3218,-3.00e-02,
3219,1.00e-02,
3220,1.00e-02,
3221,-1.00e-02,
3222,-1.00e-02,
3223,3.00e-02,
3224,1.00e-02,
3225,-3.00e-02,
3226,1.00e-02,
3227,1.00e-02,
3228,-1.00e-02,
3229,-1.00e-02,
3230,1.00e-02,
3231,3.00e-02,
3232,-1.00e-02,
3233,-1.00e-02,
3234,3.00e-02,
3235,1.00e-02,
3236,-1.00e-02,
3237,1.00e-02,
3238,3.00e-02,
3239,1.00e-02,
3240,-3.00e-02,
3241,1.00e-02,
3242,1.00e-02,
3243,-1.00e-02,
3244,-1.00e-02,
3245,1.00e-02,
3246,1.00e-02,
3247,-1.00e-02,
3248,-1.00e-02,
3249,1.00e-02,
3250,-1.00e-02,
3251,-3.00e-02,
3252,1.00e-02,
3253,3.00e-02,
3254,-1.00e-02,
3255,-1.00e-02,
3256,1.00e-02,
3257,1.00e-02,
3258,-1.00e-02,
3259,-1.00e-02,
3260,1.00e-02,
3261,1.00e-02,
3262,-1.00e-02,
3263,1.00e-02,
3264,3.00e-02,
3265,-1.00e-02,
3266,-1.00e-02,
3267,1.00e-02,
3268,1.00e-02,
3269,-1.00e-02,
3270,-1.00e-02,
3271,3.00e-02,
3272,1.00e-02,
3273,-1.00e-02,
3274,1.00e-02,
3275,1.00e-02,
3276,-1.00e-02,
3277,-1.00e-02,
3278,1.00e-02,
3279,3.00e-02,
3280,-3.00e-02,
3281,-1.00e-02,
3282,1.00e-02,
3283,1.00e-02,
3284,-3.00e-02,
3285,1.00e-02,
3286,1.00e-02,
3287,-1.00e-02,
3288,-1.00e-02,
3289,1.00e-02,
3290,1.00e-02,
3291,-1.00e-02,
3292,-1.00e-02,
3293,3.00e-02,
3294,1.00e-02,
3295,-1.00e-02,
3296,1.00e-02,
3297,1.00e-02,
3298,-1.00e-02,
3299,-1.00e-02,
3300,1.00e-02,
3301,1.00e-02,
3302,-1.00e-02,
3303,-1.00e-02,
3304,1.00e-02,
3305,1.00e-02,
3306,-3.00e-02,
3307,1.00e-02,
3308,1.00e-02,
3309,-1.00e-02,
3310,-1.00e-02,
3311,3.00e-02,
3312,1.00e-02,
3313,-1.00e-02,
3314,-1.00e-02,
3315,1.00e-02,
3316,1.00e-02,
3317,-3.00e-02,
3318,1.00e-02,
3319,3.00e-02,
3320,1.00e-02,
3321,-1.00e-02,
3322,1.00e-02,
3323,1.00e-02,
3324,-1.00e-02,
3325,-1.00e-02,
3326,3.00e-02,
3327,1.00e-02,
3328,-1.00e-02,
3329,1.00e-02,
3330,1.00e-02,
3331,-1.00e-02,
3332,-3.00e-02,
3333,1.00e-02,
3334,3.00e-02,
3335,-1.00e-02,
3336,-1.00e-02,
3337,1.00e-02,
3338,1.00e-02,
3339,-1.00e-02,
3340,-1.00e-02,
3341,1.00e-02,
3342,-1.00e-02,
3343,-1.00e-02,
3344,1.00e-02,
3345,1.00e-02,
3346,-1.00e-02,
3347,-1.00e-02,
3348,1.00e-02,
3349,1.00e-02,
3350,-1.00e-02,
3351,1.00e-02,
3352,1.00e-02,
3353,-1.00e-02,
3354,-3.00e-02,
3355,1.00e-02,
3356,3.00e-02,
3357,-1.00e-02,
3358,-1.00e-02,
3359,3.00e-02,
3360,1.00e-02,
3361,-1.00e-02,
3362,-1.00e-02,
3363,1.00e-02,
3364,-1.00e-02,
3365,-3.00e-02,
3366,1.00e-02,
3367,3.00e-02,
3368,-1.00e-02,
3369,-1.00e-02,
3370,1.00e-02,
3371,1.00e-02,
3372,-1.00e-02,
3373,-1.00e-02,
3374,3.00e-02,
3375,1.00e-02,
3376,-1.00e-02,
3377,1.00e-02,
3378,1.00e-02,
3379,-1.00e-02,
3380,-3.00e-02,
3381,1.00e-02,
3382,1.00e-02,
3383,-1.00e-02,
3384,-1.00e-02,
3385,1.00e-02,
3386,1.00e-02,
3387,-3.00e-02,
3388,1.00e-02,
3389,1.00e-02,
3390,-1.00e-02,
3391,-1.00e-02,
3392,1.00e-02,
3393,1.00e-02,
3394,-1.00e-02,
3395,-1.00e-02,
3396,3.00e-02,
3397,1.00e-02,
3398,-3.00e-02,
3399,1.00e-02,
3400,3.00e-02,
3401,-1.00e-02,
3402,-1.00e-02,
3403,1.00e-02,
3404,1.00e-02,
3405,-1.00e-02,
3406,-1.00e-02,
3407,3.00e-02,
3408,1.00e-02,
3409,-1.00e-02,
3410,-1.00e-02,
3411,3.00e-02,
3412,-1.00e-02,
3413,-1.00e-02,
3414,1.00e-02,
3415,3.00e-02,
3416,-1.00e-02,
3417,-1.00e-02,
3418,1.00e-02,
3419,1.00e-02,
3420,-1.00e-02,
3421,1.00e-02,
3422,1.00e-02,
3423,-1.00e-02,
3424,-1.00e-02,
3425,1.00e-02,
3426,1.00e-02,
3427,-3.00e-02,
3428,-1.00e-02,
3429,3.00e-02,
3430,1.00e-02,
3431,-1.00e-02,
3432,-1.00e-02,
3433,1.00e-02,
3434,-1.00e-02,
3435,-1.00e-02,
3436,1.00e-02,
3437,1.00e-02,
3438,-1.00e-02,
3439,-1.00e-02,
3440,1.00e-02,
3441,1.00e-02,
3442,-1.00e-02,
3443,-1.00e-02,
3444,3.00e-02,
3445,-1.00e-02,
3446,-1.00e-02,
3447,1.00e-02,
3448,1.00e-02,
3449,-1.00e-02,
3450,-1.00e-02,
3451,3.00e-02,
3452,1.00e-02,
3453,-3.00e-02,
3454,-1.00e-02,
3455,3.00e-02,
3456,-1.00e-02,
3457,-3.00e-02,
3458,1.00e-02,
3459,3.00e-02,
3460,-1.00e-02,
3461,-1.00e-02,
3462,1.00e-02,
3463,1.00e-02,
3464,-1.00e-02,
3465,-1.00e-02,
3466,1.00e-02,
3467,-1.00e-02,
3468,-3.00e-02,
3469,1.00e-02,
3470,1.00e-02,
3471,-1.00e-02,
3472,-1.00e-02,
3473,1.00e-02,
3474,1.00e-02,
3475,-1.00e-02,
3476,-1.00e-02,
3477,3.00e-02,
3478,1.00e-02,
3479,-3.00e-02,
3480,1.00e-02,
3481,1.00e-02,
3482,-1.00e-02,
3483,-1.00e-02,
3484,1.00e-02,
3485,1.00e-02,
3486,-3.00e-02,
3487,-1.00e-02,
3488,1.00e-02,
3489,-1.00e-02,
3490,-1.00e-02,
3491,1.00e-02,
3492,1.00e-02,
3493,-1.00e-02,
3494,-1.00e-02,
3495,1.00e-02,
3496,1.00e-02,
3497,-1.00e-02,
3498,-1.00e-02,
3499,1.00e-02,
3500,1.00e-02,
3501,-1.00e-02,
3502,1.00e-02,
3503,1.00e-02,
3504,-1.00e-02,
3505,-3.00e-02,
3506,1.00e-02,
3507,1.00e-02,
3508,-3.00e-02,
3509,-1.00e-02,
3510,1.00e-02,
3511,1.00e-02,
3512,-3.00e-02,
3513,1.00e-02,
3514,1.00e-02,
3515,-1.00e-02,
3516,-3.00e-02,
3517,1.00e-02,
3518,3.00e-02,
3519,-1.00e-02,
3520,-1.00e-02,
3521,1.00e-02,
3522,1.00e-02,
3523,-1.00e-02,
3524,1.00e-02,
3525,3.00e-02,
3526,1.00e-02,
3527,-1.00e-02,
3528,1.00e-02,
3529,1.00e-02,
3530,-3.00e-02,
3531,-1.00e-02,
3532,1.00e-02,
3533,1.00e-02,
3534,-1.00e-02,
3535,1.00e-02,
3536,1.00e-02,
3537,-1.00e-02,
3538,-1.00e-02,
3539,1.00e-02,
3540,1.00e-02,
3541,-1.00e-02,
3542,-1.00e-02,
3543,3.00e-02,
3544,1.00e-02,
3545,-3.00e-02,
3546,-1.00e-02,
3547,1.00e-02,
3548,1.00e-02,
3549,-1.00e-02,
3550,1.00e-02,
3551,1.00e-02,
3552,-1.00e-02,
3553,-1.00e-02,
3554,1.00e-02,
3555,1.00e-02,
3556,-1.00e-02,
3557,-1.00e-02,
3558,3.00e-02,
3559,-1.00e-02,
3560,-3.00e-02,
3561,1.00e-02,
3562,1.00e-02,
3563,-1.00e-02,
3564,-1.00e-02,
3565,1.00e-02,
3566,1.00e-02,
3567,-3.00e-02,
3568,1.00e-02,
3569,3.00e-02,
3570,-1.00e-02,
3571,-3.00e-02,
3572,1.00e-02,
3573,1.00e-02,
3574,-1.00e-02,
3575,-1.00e-02,
3576,3.00e-02,
3577,1.00e-02,
3578,-3.00e-02,
3579,1.00e-02,
3580,1.00e-02,
3581,1.00e-02,
3582,-3.00e-02,
3583,1.00e-02,
3584,1.00e-02,
3585,-3.00e-02,
3586,-1.00e-02,
3587,1.00e-02,
3588,1.00e-02,
3589,-1.00e-02,
3590,-1.00e-02,
3591,3.00e-02,
3592,1.00e-02,
3593,-3.00e-02,
3594,1.00e-02,
3595,1.00e-02,
3596,-1.00e-02,
3597,-1.00e-02,
3598,1.00e-02,
3599,1.00e-02,
3600,-1.00e-02,
3601,1.00e-02,
3602,3.00e-02,
3603,1.00e-02,
3604,-3.00e-02,
3605,1.00e-02,
3606,3.00e-02,
3607,-1.00e-02,
3608,-1.00e-02,
3609,3.00e-02,
3610,1.00e-02,
3611,-3.00e-02,
3612,-1.00e-02,
3613,3.00e-02,
3614,-1.00e-02,
3615,-1.00e-02,
3616,1.00e-02,
3617,1.00e-02,
3618,-1.00e-02,
3619,-1.00e-02,
3620,1.00e-02,
3621,1.00e-02,
3622,-3.00e-02,
3623,1.00e-02,
3624,1.00e-02,
3625,-1.00e-02,
3626,-3.00e-02,
3627,1.00e-02,
3628,1.00e-02,
3629,-1.00e-02,
3630,-1.00e-02,
3631,3.00e-02,
3632,1.00e-02,
3633,-3.00e-02,
3634,-1.00e-02,
3635,3.00e-02,
3636,-1.00e-02,
3637,-3.00e-02,
3638,1.00e-02,
3639,3.00e-02,
3640,-1.00e-02,
3641,-3.00e-02,
3642,1.00e-02,
3643,1.00e-02,
3644,-3.00e-02,
3645,-1.00e-02,
3646,3.00e-02,
3647,1.00e-02,
3648,-1.00e-02,
3649,1.00e-02,
3650,3.00e-02,
3651,-1.00e-02,
3652,-3.00e-02,
3653,3.00e-02,
3654,1.00e-02,
3655,-1.00e-02,
3656,-1.00e-02,
3657,1.00e-02,
3658,1.00e-02,
3659,-3.00e-02,
3660,1.00e-02,
3661,3.00e-02,
3662,-1.00e-02,
3663,-1.00e-02,
3664,1.00e-02,
3665,1.00e-02,
3666,-1.00e-02,
3667,-1.00e-02,
3668,1.00e-02,
3669,3.00e-02,
3670,-3.00e-02,
3671,1.00e-02,
3672,3.00e-02,
3673,-1.00e-02,
3674,-1.00e-02,
3675,1.00e-02,
3676,1.00e-02,
3677,-1.00e-02,
3678,-1.00e-02,
3679,3.00e-02,
3680,1.00e-02,
3681,-3.00e-02,
3682,1.00e-02,
3683,3.00e-02,
3684,1.00e-02,
3685,-1.00e-02,
3686,1.00e-02,
3687,1.00e-02,
3688,-3.00e-02,
3689,-1.00e-02,
3690,3.00e-02,
3691,1.00e-02,
3692,-1.00e-02,
3693,1.00e-02,
3694,1.00e-02,
3695,-1.00e-02,
3696,-1.00e-02,
3697,1.00e-02,
3698,1.00e-02,
3699,-1.00e-02,
3700,-1.00e-02,
3701,3.00e-02,
3702,1.00e-02,
3703,-1.00e-02,
3704,-1.00e-02,
3705,1.00e-02,
3706,-1.00e-02,
3707,-3.00e-02,
3708,1.00e-02,
3709,3.00e-02,
3710,-1.00e-02,
3711,-1.00e-02,
3712,3.00e-02,
3713,1.00e-02,
3714,-3.00e-02,
3715,-1.00e-02,
3716,3.00e-02,
3717,-1.00e-02,
3718,-1.00e-02,
3719,1.00e-02,
3720,1.00e-02,
3721,-1.00e-02,
3722,-1.00e-02,
3723,1.00e-02,
3724,1.00e-02,
3725,-3.00e-02,
3726,-1.00e-02,
3727,3.00e-02,
3728,1.00e-02,
3729,-1.00e-02,
3730,1.00e-02,
3731,1.00e-02,
3732,-1.00e-02,
3733,-1.00e-02,
3734,1.00e-02,
3735,3.00e-02,
3736,-3.00e-02,
3737,1.00e-02,
3738,1.00e-02,
3739,-1.00e-02,
3740,-1.00e-02,
3741,1.00e-02,
3742,1.00e-02,
3743,-1.00e-02,
3744,-1.00e-02,
3745,3.00e-02,
3746,1.00e-02,
3747,-3.00e-02,
3748,-1.00e-02,
3749,3.00e-02,
3750,1.00e-02,
3751,-1.00e-02,
3752,1.00e-02,
3753,3.00e-02,
3754,-1.00e-02,
3755,-1.00e-02,
3756,1.00e-02,
3757,3.00e-02,
3758,-1.00e-02,
3759,-1.00e-02,
3760,3.00e-02,
3761,1.00e-02,
3762,-3.00e-02,
3763,1.00e-02,
3764,1.00e-02,
3765,-1.00e-02,
3766,-1.00e-02,
3767,1.00e-02,
3768,1.00e-02,
3769,-1.00e-02,
3770,-1.00e-02,
3771,3.00e-02,
3772,1.00e-02,
3773,-1.00e-02,
3774,1.00e-02,
3775,1.00e-02,
3776,-1.00e-02,
3777,-1.00e-02,
3778,1.00e-02,
3779,3.00e-02,
3780,-3.00e-02,
3781,-1.00e-02,
3782,3.00e-02,
3783,1.00e-02,
3784,-1.00e-02,
3785,1.00e-02,
3786,1.00e-02,
3787,-1.00e-02,
3788,-3.00e-02,
3789,3.00e-02,
3790,1.00e-02,
3791,-1.00e-02,
3792,-1.00e-02,
3793,1.00e-02,
3794,1.00e-02,
3795,-1.00e-02,
3796,1.00e-02,
3797,1.00e-02,
3798,1.00e-02,
3799,-1.00e-02,
3800,1.00e-02,
3801,1.00e-02,
3802,-1.00e-02,
3803,-1.00e-02,
3804,1.00e-02,
3805,1.00e-02,
3806,-1.00e-02,
3807,1.00e-02,
3808,1.00e-02,
3809,1.00e-02,
3810,-1.00e-02,
3811,1.00e-02,
3812,1.00e-02,
3813,-3.00e-02,
3814,-1.00e-02,
3815,3.00e-02,
3816,1.00e-02,
3817,-3.00e-02,
3818,-1.00e-02,
3819,1.00e-02,
3820,-1.00e-02,
3821,-1.00e-02,
3822,1.00e-02,
3823,3.00e-02,
3824,-1.00e-02,
3825,-1.00e-02,
3826,1.00e-02,
3827,1.00e-02,
3828,-1.00e-02,
3829,1.00e-02,
3830,1.00e-02,
3831,1.00e-02,
3832,-1.00e-02,
3833,1.00e-02,
3834,3.00e-02,
3835,-1.00e-02,
3836,-1.00e-02,
3837,1.00e-02,
3838,1.00e-02,
3839,-1.00e-02,
3840,1.00e-02,
3841,1.00e-02,
3842,1.00e-02,
3843,-1.00e-02,
3844,1.00e-02,
3845,1.00e-02,
3846,-1.00e-02,
3847,-1.00e-02,
3848,1.00e-02,
3849,1.00e-02,
3850,-3.00e-02,
3851,-1.00e-02,
3852,3.00e-02,
3853,-1.00e-02,
3854,-1.00e-02,
3855,1.00e-02,
3856,1.00e-02,
3857,-1.00e-02,
3858,-1.00e-02,
3859,1.00e-02,
3860,1.00e-02,
3861,-1.00e-02,
3862,1.00e-02,
3863,3.00e-02,
3864,-1.00e-02,
3865,-1.00e-02,
3866,1.00e-02,
3867,1.00e-02,
3868,-1.00e-02,
3869,-1.00e-02,
3870,1.00e-02,
3871,1.00e-02,
3872,-1.00e-02,
3873,-1.00e-02,
3874,1.00e-02,
3875,1.00e-02,
3876,-3.00e-02,
3877,1.00e-02,
3878,3.00e-02,
3879,-1.00e-02,
3880,-1.00e-02,
3881,1.00e-02,
3882,1.00e-02,
3883,-3.00e-02,
3884,-1.00e-02,
3885,1.00e-02,
3886,1.00e-02,
3887,-1.00e-02,
3888,1.00e-02,
3889,3.00e-02,
3890,-1.00e-02,
3891,-1.00e-02,
3892,1.00e-02,
3893,1.00e-02,
3894,-3.00e-02,
3895,-1.00e-02,
3896,3.00e-02,
3897,1.00e-02,
3898,-3.00e-02,
3899,1.00e-02,
3900,1.00e-02,
3901,-1.00e-02,
3902,-1.00e-02,
3903,1.00e-02,
3904,3.00e-02,
3905,-1.00e-02,
3906,-1.00e-02,
3907,1.00e-02,
3908,1.00e-02,
3909,-3.00e-02,
3910,1.00e-02,
3911,3.00e-02,
3912,-1.00e-02,
3913,-1.00e-02,
3914,1.00e-02,
3915,1.00e-02,
3916,-3.00e-02,
3917,-1.00e-02,
3918,3.00e-02,
3919,1.00e-02,
3920,-3.00e-02,
3921,1.00e-02,
3922,1.00e-02,
3923,-1.00e-02,
3924,-3.00e-02,
3925,1.00e-02,
3926,1.00e-02,
3927,-1.00e-02,
3928,-1.00e-02,
3929,1.00e-02,
3930,1.00e-02,
3931,-3.00e-02,
3932,-1.00e-02,
3933,3.00e-02,
3934,1.00e-02,
3935,-1.00e-02,
3936,1.00e-02,
3937,1.00e-02,
3938,-1.00e-02,
3939,-1.00e-02,
3940,1.00e-02,
3941,1.00e-02,
3942,-1.00e-02,
3943,1.00e-02,
3944,3.00e-02,
3945,-1.00e-02,
3946,-3.00e-02,
3947,1.00e-02,
3948,1.00e-02,
3949,-1.00e-02,
3950,-1.00e-02,
3951,3.00e-02,
3952,1.00e-02,
3953,-1.00e-02,
3954,1.00e-02,
3955,3.00e-02,
3956,1.00e-02,
3957,-3.00e-02,
3958,1.00e-02,
3959,3.00e-02,
3960,-1.00e-02,
3961,-1.00e-02,
3962,1.00e-02,
3963,1.00e-02,
3964,-3.00e-02,
3965,1.00e-02,
3966,3.00e-02,
3967,1.00e-02,
3968,-1.00e-02,
3969,1.00e-02,
3970,3.00e-02,
3971,-1.00e-02,
3972,-1.00e-02,
3973,1.00e-02,
3974,1.00e-02,
3975,-1.00e-02,
3976,1.00e-02,
3977,3.00e-02,
3978,-1.00e-02,
3979,-1.00e-02,
3980,1.00e-02,
3981,3.00e-02,
3982,-1.00e-02,
3983,-1.00e-02,
3984,1.00e-02,
3985,1.00e-02,
3986,-1.00e-02,
3987,-1.00e-02,
3988,3.00e-02,
3989,1.00e-02,
3990,-3.00e-02,
3991,1.00e-02,
3992,3.00e-02,
3993,-1.00e-02,
3994,-1.00e-02,
3995,1.00e-02,
3996,1.00e-02,
3997,-3.00e-02,
3998,1.00e-02,
3999,3.00e-02,
4000,-1.00e-02,
4001,-3.00e-02,
4002,1.00e-02,
4003,3.00e-02,
4004,-1.00e-02,
4005,-1.00e-02,
4006,1.00e-02,
4007,3.00e-02,
4008,-3.00e-02,
4009,-1.00e-02,
4010,3.00e-02,
4011,1.00e-02,
4012,-1.00e-02,
4013,1.00e-02,
4014,3.00e-02,
4015,1.00e-02,
4016,-1.00e-02,
4017,1.00e-02,
4018,1.00e-02,
4019,-1.00e-02,
4020,1.00e-02,
4021,3.00e-02,
4022,1.00e-02,
4023,-1.00e-02,
4024,1.00e-02,
4025,3.00e-02,
4026,-1.00e-02,
4027,-1.00e-02,
4028,1.00e-02,
4029,1.00e-02,
4030,-1.00e-02,
4031,1.00e-02,
4032,3.00e-02,
4033,1.00e-02,
4034,-3.00e-02,
4035,1.00e-02,
4036,1.00e-02,
4037,1.00e-02,
4038,-1.00e-02,
4039,1.00e-02,
4040,1.00e-02,
4041,-1.00e-02,
4042,-1.00e-02,
4043,3.00e-02,
4044,1.00e-02,
4045,-3.00e-02,
4046,1.00e-02,
4047,3.00e-02,
4048,-1.00e-02,
4049,-1.00e-02,
4050,1.00e-02,
4051,3.00e-02,
4052,-1.00e-02,
4053,-1.00e-02,
4054,3.00e-02,
4055,1.00e-02,
4056,-1.00e-02,
4057,1.00e-02,
4058,1.00e-02,
4059,-1.00e-02,
4060,-1.00e-02,
4061,1.00e-02,
4062,1.00e-02,
4063,-1.00e-02,
4064,-1.00e-02,
4065,1.00e-02,
4066,1.00e-02,
4067,-3.00e-02,
4068,1.00e-02,
4069,3.00e-02,
4070,-1.00e-02,
4071,-1.00e-02,
4072,1.00e-02,
4073,1.00e-02,
4074,-1.00e-02,
4075,-1.00e-02,
4076,3.00e-02,
4077,1.00e-02,
4078,-1.00e-02,
4079,1.00e-02,
4080,1.00e-02,
4081,1.00e-02,
4082,-1.00e-02,
4083,1.00e-02,
4084,1.00e-02,
4085,-1.00e-02,
4086,-1.00e-02,
4087,1.00e-02,
4088,1.00e-02,
4089,-1.00e-02,
4090,1.00e-02,
4091,1.00e-02,
4092,-1.00e-02,
4093,-1.00e-02,
4094,1.00e-02,
4095,3.00e-02,
4096,-1.00e-02,
4097,-1.00e-02,
4098,1.00e-02,
4099,1.00e-02,
4100,-1.00e-02,
4101,-1.00e-02,
4102,3.00e-02,
4103,1.00e-02,
4104,-3.00e-02,
4105,1.00e-02,
4106,3.00e-02,
4107,-1.00e-02,
4108,-1.00e-02,
4109,3.00e-02,
4110,1.00e-02,
4111,-1.00e-02,
4112,-1.00e-02,
4113,3.00e-02,
4114,1.00e-02,
4115,-3.00e-02,
4116,1.00e-02,
4117,3.00e-02,
4118,-1.00e-02,
4119,-1.00e-02,
4120,3.00e-02,
4121,1.00e-02,
4122,-3.00e-02,
4123,-1.00e-02,
4124,3.00e-02,
4125,1.00e-02,
4126,-1.00e-02,
4127,1.00e-02,
4128,1.00e-02,
4129,-1.00e-02,
4130,-1.00e-02,
4131,1.00e-02,
4132,1.00e-02,
4133,-1.00e-02,
4134,-1.00e-02,
4135,3.00e-02,
4136,1.00e-02,
4137,-1.00e-02,
4138,1.00e-02,
4139,3.00e-02,
4140,-1.00e-02,
4141,-1.00e-02,
4142,3.00e-02,
4143,3.00e-02,
4144,-1.00e-02,
4145,-1.00e-02,
4146,3.00e-02,
4147,1.00e-02,
4148,-1.00e-02,
4149,1.00e-02,
4150,1.00e-02,
4151,1.00e-02,
4152,-1.00e-02,
4153,3.00e-02,
4154,1.00e-02,
4155,-1.00e-02,
4156,-1.00e-02,
4157,3.00e-02,
4158,1.00e-02,
4159,-1.00e-02,
4160,1.00e-02,
4161,1.00e-02,
4162,-1.00e-02,
4163,-1.00e-02,
4164,1.00e-02,
4165,1.00e-02,
4166,-1.00e-02,
4167,1.00e-02,
4168,3.00e-02,
4169,1.00e-02,
4170,-1.00e-02,
4171,1.00e-02,
4172,3.00e-02,
4173,1.00e-02,
4174,-1.00e-02,
4175,3.00e-02,
4176,3.00e-02,
4177,-1.00e-02,
4178,-1.00e-02,
4179,3.00e-02,
4180,1.00e-02,
4181,-3.00e-02,
4182,1.00e-02,
4183,3.00e-02,
4184,1.00e-02,
4185,-1.00e-02,
4186,1.00e-02,
4187,1.00e-02,
4188,-1.00e-02,
4189,-1.00e-02,
4190,3.00e-02,
4191,3.00e-02,
4192,-1.00e-02,
4193,1.00e-02,
4194,3.00e-02,
4195,-1.00e-02,
4196,-1.00e-02,
4197,1.00e-02,
4198,1.00e-02,
4199,-1.00e-02,
4200,-1.00e-02,
4201,1.00e-02,
4202,1.00e-02,
4203,-1.00e-02,
4204,-1.00e-02,
4205,3.00e-02,
4206,1.00e-02,
4207,-1.00e-02,
4208,1.00e-02,
4209,1.00e-02,
4210,-1.00e-02,
4211,-1.00e-02,
4212,1.00e-02,
4213,1.00e-02,
4214,-1.00e-02,
4215,1.00e-02,
4216,3.00e-02,
4217,-1.00e-02,
4218,-1.00e-02,
4219,1.00e-02,
4220,3.00e-02,
4221,-1.00e-02,
4222,-1.00e-02,
4223,3.00e-02,
4224,1.00e-02,
4225,-3.00e-02,
4226,-1.00e-02,
4227,1.00e-02,
4228,-1.00e-02,
4229,-1.00e-02,
4230,1.00e-02,
4231,3.00e-02,
4232,-1.00e-02,
4233,-1.00e-02,
4234,1.00e-02,
4235,1.00e-02,
4236,-1.00e-02,
4237,-1.00e-02,
4238,3.00e-02,
4239,1.00e-02,
4240,-1.00e-02,
4241,1.00e-02,
4242,3.00e-02,
4243,-1.00e-02,
4244,-1.00e-02,
4245,1.00e-02,
4246,1.00e-02,
4247,-1.00e-02,
4248,1.00e-02,
4249,1.00e-02,
4250,1.00e-02,
4251,-1.00e-02,
4252,1.00e-02,
4253,3.00e-02,
4254,-1.00e-02,
4255,-1.00e-02,
4256,1.00e-02,
4257,1.00e-02,
4258,-1.00e-02,
4259,-1.00e-02,
4260,1.00e-02,
4261,1.00e-02,
4262,-3.00e-02,
4263,1.00e-02,
4264,3.00e-02,
4265,-1.00e-02,
4266,-1.00e-02,
4267,1.00e-02,
4268,1.00e-02,
4269,-1.00e-02,
4270,-1.00e-02,
4271,3.00e-02,
4272,-1.00e-02,
4273,-1.00e-02,
4274,1.00e-02,
4275,1.00e-02,
4276,-1.00e-02,
4277,-1.00e-02,
4278,1.00e-02,
4279,3.00e-02,
4280,-1.00e-02,
4281,-1.00e-02,
4282,1.00e-02,
4283,1.00e-02,
4284,-3.00e-02,
4285,1.00e-02,
4286,3.00e-02,
4287,1.00e-02,
4288,-1.00e-02,
4289,1.00e-02,
4290,1.00e-02,
4291,-1.00e-02,
4292,-1.00e-02,
4293,3.00e-02,
4294,1.00e-02,
4295,-1.00e-02,
4296,1.00e-02,
4297,3.00e-02,
4298,-1.00e-02,
4299,-1.00e-02,
4300,1.00e-02,
4301,1.00e-02,
4302,-1.00e-02,
4303,1.00e-02,
4304,1.00e-02,
4305,1.00e-02,
4306,-1.00e-02,
4307,1.00e-02,
4308,3.00e-02,
4309,1.00e-02,
4310,-1.00e-02,
4311,1.00e-02,
4312,1.00e-02,
4313,-1.00e-02,
4314,-1.00e-02,
4315,1.00e-02,
4316,1.00e-02,
4317,-1.00e-02,
4318,1.00e-02,
4319,3.00e-02,
4320,1.00e-02,
4321,-1.00e-02,
4322,1.00e-02,
4323,1.00e-02,
4324,-1.00e-02,
4325,-1.00e-02,
4326,1.00e-02,
4327,1.00e-02,
4328,-3.00e-02,
4329,-1.00e-02,
4330,3.00e-02,
4331,-1.00e-02,
4332,-1.00e-02,
4333,1.00e-02,
4334,3.00e-02,
4335,-1.00e-02,
4336,-1.00e-02,
4337,1.00e-02,
4338,1.00e-02,
4339,-1.00e-02,
4340,-1.00e-02,
4341,3.00e-02,
4342,1.00e-02,
4343,-1.00e-02,
4344,1.00e-02,
4345,1.00e-02,
4346,-1.00e-02,
4347,-1.00e-02,
4348,1.00e-02,
4349,1.00e-02,
4350,-3.00e-02,
4351,1.00e-02,
4352,1.00e-02,
4353,-1.00e-02,
4354,-1.00e-02,
4355,1.00e-02,
4356,3.00e-02,
4357,-1.00e-02,
4358,-1.00e-02,
4359,3.00e-02,
4360,1.00e-02,
4361,-3.00e-02,
4362,1.00e-02,
4363,3.00e-02,
4364,1.00e-02,
4365,-1.00e-02,
4366,1.00e-02,
4367,3.00e-02,
4368,-1.00e-02,
4369,-3.00e-02,
4370,1.00e-02,
4371,1.00e-02,
4372,-1.00e-02,
4373,1.00e-02,
4374,3.00e-02,
4375,1.00e-02,
4376,-1.00e-02,
4377,1.00e-02,
4378,1.00e-02,
4379,-1.00e-02,
4380,-1.00e-02,
4381,3.00e-02,
4382,1.00e-02,
4383,-1.00e-02,
4384,-1.00e-02,
4385,1.00e-02,
4386,1.00e-02,
4387,-3.00e-02,
4388,1.00e-02,
4389,3.00e-02,
4390,-1.00e-02,
4391,-1.00e-02,
4392,1.00e-02,
4393,1.00e-02,
4394,-1.00e-02,
4395,-1.00e-02,
4396,3.00e-02,
4397,1.00e-02,
4398,-1.00e-02,
4399,1.00e-02,
4400,3.00e-02,
4401,-1.00e-02,
4402,-1.00e-02,
4403,1.00e-02,
4404,1.00e-02,
4405,-1.00e-02,
4406,-1.00e-02,
4407,3.00e-02,
4408,1.00e-02,
4409,-3.00e-02,
4410,-1.00e-02,
4411,3.00e-02,
4412,-1.00e-02,
4413,-1.00e-02,
4414,3.00e-02,
4415,3.00e-02,
4416,-1.00e-02,
4417,-1.00e-02,
4418,3.00e-02,
4419,1.00e-02,
4420,-1.00e-02,
4421,1.00e-02,
4422,3.00e-02,
4423,1.00e-02,
4424,-1.00e-02,
4425,1.00e-02,
4426,3.00e-02,
4427,-1.00e-02,
4428,1.00e-02,
4429,3.00e-02,
4430,1.00e-02,
4431,-1.00e-02,
4432,1.00e-02,
4433,1.00e-02,
4434,1.00e-02,
4435,-1.00e-02,
4436,1.00e-02,
4437,1.00e-02,
4438,-1.00e-02,
4439,-1.00e-02,
4440,1.00e-02,
4441,1.00e-02,
4442,-1.00e-02,
4443,1.00e-02,
4444,1.00e-02,
4445,1.00e-02,
4446,-1.00e-02,
4447,3.00e-02,
4448,3.00e-02,
4449,-1.00e-02,
4450,-1.00e-02,
4451,3.00e-02,
4452,1.00e-02,
4453,-1.00e-02,
4454,1.00e-02,
4455,3.00e-02,
4456,1.00e-02,
4457,-1.00e-02,
4458,1.00e-02,
4459,1.00e-02,
4460,-3.00e-02,
4461,-1.00e-02,
4462,1.00e-02,
4463,1.00e-02,
4464,-1.00e-02,
4465,-1.00e-02,
4466,3.00e-02,
4467,1.00e-02,
4468,-1.00e-02,
4469,1.00e-02,
4470,1.00e-02,
4471,-1.00e-02,
4472,-1.00e-02,
4473,3.00e-02,
4474,1.00e-02,
4475,-1.00e-02,
4476,-1.00e-02,
4477,1.00e-02,
4478,1.00e-02,
4479,-1.00e-02,
4480,1.00e-02,
4481,3.00e-02,
4482,-1.00e-02,
4483,-1.00e-02,
4484,1.00e-02,
4485,1.00e-02,
4486,-3.00e-02,
4487,-1.00e-02,
4488,3.00e-02,
4489,-1.00e-02,
4490,-1.00e-02,
4491,1.00e-02,
4492,1.00e-02,
4493,-1.00e-02,
4494,-1.00e-02,
4495,3.00e-02,
4496,1.00e-02,
4497,-1.00e-02,
4498,-1.00e-02,
4499,1.00e-02,
4500,-1.00e-02,
4501,-1.00e-02,
4502,1.00e-02,
4503,3.00e-02,
4504,-1.00e-02,
4505,-1.00e-02,
4506,1.00e-02,
4507,1.00e-02,
4508,-1.00e-02,
4509,-1.00e-02,
4510,3.00e-02,
4511,1.00e-02,
4512,-1.00e-02,
4513,1.00e-02,
4514,3.00e-02,
4515,-1.00e-02,
4516,-1.00e-02,
4517,1.00e-02,
4518,1.00e-02,
4519,-1.00e-02,
4520,-1.00e-02,
4521,3.00e-02,
4522,1.00e-02,
4523,-3.00e-02,
4524,1.00e-02,
4525,3.00e-02,
4526,-1.00e-02,
4527,-1.00e-02,
4528,1.00e-02,
4529,1.00e-02,
4530,-1.00e-02,
4531,-1.00e-02,
4532,1.00e-02,
4533,1.00e-02,
4534,-1.00e-02,
4535,1.00e-02,
4536,3.00e-02,
4537,-1.00e-02,
4538,-1.00e-02,
4539,1.00e-02,
4540,1.00e-02,
4541,-1.00e-02,
4542,-1.00e-02,
4543,3.00e-02,
4544,1.00e-02,
4545,-3.00e-02,
4546,1.00e-02,
4547,3.00e-02,
4548,1.00e-02,
4549,-1.00e-02,
4550,1.00e-02,
4551,3.00e-02,
4552,-1.00e-02,
4553,-1.00e-02,
4554,1.00e-02,
4555,1.00e-02,
4556,-1.00e-02,
4557,1.00e-02,
4558,3.00e-02,
4559,1.00e-02,
4560,-1.00e-02,
4561,1.00e-02,
4562,1.00e-02,
4563,-1.00e-02,
4564,-1.00e-02,
4565,3.00e-02,
4566,1.00e-02,
4567,-1.00e-02,
4568,1.00e-02,
4569,3.00e-02,
4570,-1.00e-02,
4571,-3.00e-02,
4572,1.00e-02,
4573,1.00e-02,
4574,-1.00e-02,
4575,-1.00e-02,
4576,3.00e-02,
4577,1.00e-02,
4578,-1.00e-02,
4579,1.00e-02,
4580,1.00e-02,
4581,1.00e-02,
4582,-1.00e-02,
4583,1.00e-02,
4584,1.00e-02,
4585,-1.00e-02,
4586,-1.00e-02,
4587,1.00e-02,
4588,1.00e-02,
4589,-1.00e-02,
4590,-1.00e-02,
4591,3.00e-02,
4592,1.00e-02,
4593,-1.00e-02,
4594,1.00e-02,
4595,3.00e-02,
4596,-1.00e-02,
4597,-1.00e-02,
4598,1.00e-02,
4599,3.00e-02,
4600,-1.00e-02,
4601,1.00e-02,
4602,1.00e-02,
4603,1.00e-02,
4604,-1.00e-02,
4605,1.00e-02,
4606,3.00e-02,
4607,-1.00e-02,
4608,-1.00e-02,
4609,1.00e-02,
4610,1.00e-02,
4611,-1.00e-02,
4612,-1.00e-02,
4613,3.00e-02,
4614,1.00e-02,
4615,-1.00e-02,
4616,1.00e-02,
4617,3.00e-02,
4618,-1.00e-02,
4619,-1.00e-02,
4620,1.00e-02,
4621,3.00e-02,
4622,-1.00e-02,
4623,1.00e-02,
4624,3.00e-02,
4625,-1.00e-02,
4626,-1.00e-02,
4627,1.00e-02,
4628,1.00e-02,
4629,-1.00e-02,
4630,-1.00e-02,
4631,3.00e-02,
4632,1.00e-02,
4633,-3.00e-02,
4634,-1.00e-02,
4635,3.00e-02,
4636,1.00e-02,
4637,-1.00e-02,
4638,1.00e-02,
4639,3.00e-02,
4640,-1.00e-02,
4641,-1.00e-02,
4642,1.00e-02,
4643,3.00e-02,
4644,-1.00e-02,
4645,1.00e-02,
4646,3.00e-02,
4647,1.00e-02,
4648,-1.00e-02,
4649,1.00e-02,
4650,3.00e-02,
4651,-1.00e-02,
4652,-1.00e-02,
4653,1.00e-02,
4654,1.00e-02,
4655,-1.00e-02,
4656,1.00e-02,
4657,3.00e-02,
4658,1.00e-02,
4659,-1.00e-02,
4660,1.00e-02,
4661,1.00e-02,
4662,-1.00e-02,
4663,-1.00e-02,
4664,1.00e-02,
4665,3.00e-02,
4666,-1.00e-02,
4667,-1.00e-02,
4668,3.00e-02,
4669,1.00e-02,
4670,-1.00e-02,
4671,1.00e-02,
4672,3.00e-02,
4673,-1.00e-02,
4674,-1.00e-02,
4675,3.00e-02,
4676,-1.00e-02,
4677,-1.00e-02,
4678,1.00e-02,
4679,3.00e-02,
4680,1.00e-02,
4681,-1.00e-02,
4682,-1.00e-02,
4683,1.00e-02,
4684,1.00e-02,
4685,1.00e-02,
4686,1.00e-02,
4687,1.00e-02,
4688,1.00e-02,
4689,-1.00e-02,
4690,1.00e-02,
4691,-1.00e-02,
4692,-1.00e-02,
4693,1.00e-02,
4694,1.00e-02,
4695,1.00e-02,
4696,1.00e-02,
4697,-1.00e-02,
4698,1.00e-02,
4699,-1.00e-02,
4700,-1.00e-02,
4701,1.00e-02,
4702,1.00e-02,
4703,1.00e-02,
4704,1.00e-02,
4705,1.00e-02,
4706,-1.00e-02,
4707,-1.00e-02,
4708,1.00e-02,
4709,1.00e-02,
4710,1.00e-02,
4711,1.00e-02,
4712,1.00e-02,
4713,1.00e-02,
4714,1.00e-02,
4715,-1.00e-02,
4716,1.00e-02,
4717,1.00e-02,
4718,1.00e-02,
4719,1.00e-02,
4720,1.00e-02,
4721,1.00e-02,
4722,1.00e-02,
4723,-1.00e-02,
4724,1.00e-02,
4725,1.00e-02,
4726,1.00e-02,
4727,1.00e-02,
4728,1.00e-02,
4729,-1.00e-02,
4730,1.00e-02,
4731,1.00e-02,
4732,1.00e-02,
4733,1.00e-02,
4734,1.00e-02,
4735,1.00e-02,
4736,-1.00e-02,
4737,1.00e-02,
4738,1.00e-02,
4739,1.00e-02,
4740,1.00e-02,
4741,-1.00e-02,
4742,1.00e-02,
4743,1.00e-02,
4744,1.00e-02,
4745,1.00e-02,
4746,1.00e-02,
4747,-1.00e-02,
4748,1.00e-02,
4749,1.00e-02,
4750,1.00e-02,
4751,1.00e-02,
4752,1.00e-02,
4753,-1.00e-02,
4754,1.00e-02,
4755,1.00e-02,
4756,1.00e-02,
4757,1.00e-02,
4758,1.00e-02,
4759,1.00e-02,
4760,1.00e-02,
4761,-1.00e-02,
4762,1.00e-02,
4763,1.00e-02,
4764,1.00e-02,
4765,1.00e-02,
4766,1.00e-02,
4767,1.00e-02,
4768,1.00e-02,
4769,-1.00e-02,
4770,1.00e-02,
4771,1.00e-02,
4772,-1.00e-02,
4773,1.00e-02,
4774,1.00e-02,
4775,1.00e-02,
4776,-1.00e-02,
4777,1.00e-02,
4778,-1.00e-02,
4779,1.00e-02,
4780,-1.00e-02,
4781,1.00e-02,
4782,1.00e-02,
4783,1.00e-02,
4784,1.00e-02,
4785,1.00e-02,
4786,1.00e-02,
4787,1.00e-02,
4788,1.00e-02,
4789,1.00e-02,
4790,1.00e-02,
4791,1.00e-02,
4792,1.00e-02,
4793,1.00e-02,
4794,-1.00e-02,
4795,-1.00e-02,
4796,-1.00e-02,
4797,1.00e-02,
4798,1.00e-02,
4799,1.00e-02,
4800,1.00e-02,
4801,1.00e-02,
4802,1.00e-02,
4803,-1.00e-02,
4804,1.00e-02,
4805,1.00e-02,
4806,1.00e-02,
4807,1.00e-02,
4808,1.00e-02,
4809,1.00e-02,
4810,1.00e-02,
4811,-1.00e-02,
4812,-1.00e-02,
4813,1.00e-02,
4814,1.00e-02,
4815,-1.00e-02,
4816,1.00e-02,
4817,-1.00e-02,
4818,1.00e-02,
4819,1.00e-02,
4820,1.00e-02,
4821,1.00e-02,
4822,1.00e-02,
4823,1.00e-02,
4824,1.00e-02,
4825,1.00e-02,
4826,1.00e-02,
4827,1.00e-02,
4828,-1.00e-02,
4829,1.00e-02,
4830,1.00e-02,
4831,1.00e-02,
4832,1.00e-02,
4833,1.00e-02,
4834,1.00e-02,
4835,1.00e-02,
4836,1.00e-02,
4837,1.00e-02,
4838,1.00e-02,
4839,1.00e-02,
4840,1.00e-02,
4841,-1.00e-02,
4842,1.00e-02,
4843,3.00e-02,
4844,5.00e-02,
4845,-1.00e-02,
4846,-1.00e-02,
4847,3.00e-02,
4848,-3.00e-02,
4849,1.00e-02,
4850,-1.00e-02,
4851,-1.00e-02,
4852,1.00e-02,
4853,3.00e-02,
4854,-1.00e-02,
4855,1.00e-02,
4856,1.00e-02,
4857,-1.00e-02,
4858,-1.00e-02,
4859,1.00e-02,
4860,1.00e-02,
4861,-1.00e-02,
4862,1.00e-02,
4863,3.00e-02,
4864,-1.00e-02,
4865,-1.00e-02,
4866,3.00e-02,
4867,-1.00e-02,
4868,-1.00e-02,
4869,3.00e-02,
4870,1.00e-02,
4871,-3.00e-02,
4872,1.00e-02,
4873,3.00e-02,
4874,-1.00e-02,
4875,-1.00e-02,
4876,3.00e-02,
4877,1.00e-02,
4878,-3.00e-02,
4879,3.00e-02,
4880,3.00e-02,
4881,-3.00e-02,
4882,-1.00e-02,
4883,3.00e-02,
4884,1.00e-02,
4885,-3.00e-02,
4886,3.00e-02,
4887,3.00e-02,
4888,-3.00e-02,
4889,1.00e-02,
4890,3.00e-02,
4891,-1.00e-02,
4892,-3.00e-02,
4893,3.00e-02,
4894,3.00e-02,
4895,-3.00e-02,
4896,1.00e-02,
4897,3.00e-02,
4898,-1.00e-02,
4899,-1.00e-02,
4900,3.00e-02,
4901,1.00e-02,
4902,-3.00e-02,
4903,1.00e-02,
4904,3.00e-02,
4905,-1.00e-02,
4906,-1.00e-02,
4907,3.00e-02,
4908,1.00e-02,
4909,-3.00e-02,
4910,1.00e-02,
4911,5.00e-02,
4912,-1.00e-02,
4913,-1.00e-02,
4914,3.00e-02,
4915,1.00e-02,
4916,-3.00e-02,
4917,1.00e-02,
4918,3.00e-02,
4919,-1.00e-02,
4920,-1.00e-02,
4921,3.00e-02,
4922,1.00e-02,
4923,-3.00e-02,
4924,1.00e-02,
4925,3.00e-02,
4926,-1.00e-02,
4927,-1.00e-02,
4928,3.00e-02,
4929,1.00e-02,
4930,-3.00e-02,
4931,1.00e-02,
4932,3.00e-02,
4933,-1.00e-02,
4934,-1.00e-02,
4935,3.00e-02,
4936,1.00e-02,
4937,-3.00e-02,
4938,1.00e-02,
4939,3.00e-02,
4940,-1.00e-02,
4941,-1.00e-02,
4942,3.00e-02,
4943,3.00e-02,
4944,-3.00e-02,
4945,1.00e-02,
4946,3.00e-02,
4947,-1.00e-02,
4948,-3.00e-02,
4949,3.00e-02,
4950,1.00e-02,
4951,-1.00e-02,
4952,1.00e-02,
4953,3.00e-02,
4954,-1.00e-02,
4955,-1.00e-02,
4956,3.00e-02,
4957,3.00e-02,
4958,-3.00e-02,
4959,1.00e-02,
4960,3.00e-02,
4961,-1.00e-02,
4962,-3.00e-02,
4963,3.00e-02,
4964,3.00e-02,
4965,-3.00e-02,
4966,-1.00e-02,
4967,3.00e-02,
4968,1.00e-02,
4969,-3.00e-02,
4970,1.00e-02,
4971,3.00e-02,
4972,-3.00e-02,
4973,-1.00e-02,
4974,3.00e-02,
4975,1.00e-02,
4976,-3.00e-02,
4977,1.00e-02,
4978,3.00e-02,
4979,-1.00e-02,
4980,-3.00e-02,
4981,3.00e-02,
4982,1.00e-02,
4983,-3.00e-02,
4984,1.00e-02,
4985,3.00e-02,
4986,-1.00e-02,
4987,-1.00e-02,
4988,3.00e-02,
4989,1.00e-02,
4990,-3.00e-02,
4991,1.00e-02,
4992,3.00e-02,
4993,-1.00e-02,
4994,-1.00e-02,
4995,3.00e-02,
4996,3.00e-02,
4997,-3.00e-02,
4998,1.00e-02,
4999,5.00e-02,
5000,-1.00e-02,
5001,-3.00e-02,
5002,1.00e-02,
5003,3.00e-02,
5004,-3.00e-02,
5005,-1.00e-02,
5006,3.00e-02,
5007,1.00e-02,
5008,-3.00e-02,
5009,1.00e-02,
5010,3.00e-02,
5011,-1.00e-02,
5012,-1.00e-02,
5013,3.00e-02,
5014,1.00e-02,
5015,-3.00e-02,
5016,1.00e-02,
5017,3.00e-02,
5018,-1.00e-02,
5019,-1.00e-02,
5020,1.00e-02,
5021,3.00e-02,
5022,-3.00e-02,
5023,1.00e-02,
5024,3.00e-02,
5025,1.00e-02,
5026,-1.00e-02,
5027,1.00e-02,
5028,3.00e-02,
5029,-3.00e-02,
5030,1.00e-02,
5031,3.00e-02,
5032,1.00e-02,
5033,-3.00e-02,
5034,1.00e-02,
5035,3.00e-02,
5036,-1.00e-02,
5037,-1.00e-02,
5038,3.00e-02,
5039,1.00e-02,
5040,-3.00e-02,
5041,1.00e-02,
5042,3.00e-02,
5043,-1.00e-02,
5044,-1.00e-02,
5045,1.00e-02,
5046,3.00e-02,
5047,-1.00e-02,
5048,-1.00e-02,
5049,3.00e-02,
5050,-1.00e-02,
5051,-3.00e-02,
5052,1.00e-02,
5053,3.00e-02,
5054,-1.00e-02,
5055,-1.00e-02,
5056,3.00e-02,
5057,1.00e-02,
5058,-3.00e-02,
5059,1.00e-02,
5060,3.00e-02,
5061,-1.00e-02,
5062,-1.00e-02,
5063,3.00e-02,
5064,3.00e-02,
5065,-3.00e-02,
5066,-1.00e-02,
5067,3.00e-02,
5068,-1.00e-02,
5069,-3.00e-02,
5070,1.00e-02,
5071,3.00e-02,
5072,-1.00e-02,
5073,-1.00e-02,
5074,3.00e-02,
5075,1.00e-02,
5076,-1.00e-02,
5077,1.00e-02,
5078,3.00e-02,
5079,1.00e-02,
5080,-3.00e-02,
5081,1.00e-02,
5082,3.00e-02,
5083,-3.00e-02,
5084,-1.00e-02,
5085,3.00e-02,
5086,1.00e-02,
5087,-1.00e-02,
5088,1.00e-02,
5089,1.00e-02,
5090,-1.00e-02,
5091,-1.00e-02,
5092,3.00e-02,
5093,1.00e-02,
5094,-1.00e-02,
5095,1.00e-02,
5096,3.00e-02,
5097,-1.00e-02,
5098,-3.00e-02,
5099,1.00e-02,
5100,3.00e-02,
5101,-1.00e-02,
5102,-1.00e-02,
5103,3.00e-02,
5104,1.00e-02,
5105,-3.00e-02,
5106,1.00e-02,
5107,3.00e-02,
5108,-1.00e-02,
5109,-1.00e-02,
5110,3.00e-02,
5111,1.00e-02,
5112,-3.00e-02,
5113,-1.00e-02,
5114,3.00e-02,
5115,1.00e-02,
5116,-3.00e-02,
5117,3.00e-02,
5118,3.00e-02,
5119,-3.00e-02,
5120,-1.00e-02,
5121,3.00e-02,
5122,1.00e-02,
5123,-1.00e-02,
5124,1.00e-02,
5125,3.00e-02,
5126,-1.00e-02,
5127,-1.00e-02,
5128,3.00e-02,
5129,1.00e-02,
5130,-3.00e-02,
5131,-1.00e-02,
5132,3.00e-02,
5133,-1.00e-02,
5134,-3.00e-02,
5135,3.00e-02,
5136,3.00e-02,
5137,-3.00e-02,
5138,-1.00e-02,
5139,3.00e-02,
5140,1.00e-02,
5141,-3.00e-02,
5142,1.00e-02,
5143,3.00e-02,
5144,1.00e-02,
5145,-3.00e-02,
5146,1.00e-02,
5147,1.00e-02,
5148,-1.00e-02,
5149,-1.00e-02,
5150,3.00e-02,
5151,1.00e-02,
5152,-3.00e-02,
5153,1.00e-02,
5154,3.00e-02,
5155,-1.00e-02,
5156,-1.00e-02,
5157,3.00e-02,
5158,3.00e-02,
5159,-1.00e-02,
5160,-1.00e-02,
5161,1.00e-02,
5162,-1.00e-02,
5163,-3.00e-02,
5164,1.00e-02,
5165,1.00e-02,
5166,-1.00e-02,
5167,-1.00e-02,
5168,1.00e-02,
5169,1.00e-02,
5170,-3.00e-02,
5171,-1.00e-02,
5172,3.00e-02,
5173,-1.00e-02,
5174,-1.00e-02,
5175,3.00e-02,
5176,1.00e-02,
5177,-1.00e-02,
5178,-1.00e-02,
5179,3.00e-02,
5180,1.00e-02,
5181,-1.00e-02,
5182,1.00e-02,
5183,3.00e-02,
5184,-1.00e-02,
5185,-3.00e-02,
5186,3.00e-02,
5187,1.00e-02,
5188,-3.00e-02,
5189,1.00e-02,
5190,3.00e-02,
5191,1.00e-02,
5192,-1.00e-02,
5193,1.00e-02,
5194,3.00e-02,
5195,-1.00e-02,
5196,-1.00e-02,
5197,3.00e-02,
5198,1.00e-02,
5199,-3.00e-02,
5200,1.00e-02,
5201,3.00e-02,
5202,-1.00e-02,
5203,-1.00e-02,
5204,3.00e-02,
5205,3.00e-02,
5206,-1.00e-02,
5207,-1.00e-02,
5208,3.00e-02,
5209,1.00e-02,
5210,-3.00e-02,
5211,1.00e-02,
5212,3.00e-02,
5213,-1.00e-02,
5214,-1.00e-02,
5215,3.00e-02,
5216,3.00e-02,
5217,-3.00e-02,
5218,-1.00e-02,
5219,3.00e-02,
5220,-1.00e-02,
5221,-1.00e-02,
5222,1.00e-02,
5223,3.00e-02,
5224,-3.00e-02,
5225,-1.00e-02,
5226,1.00e-02,
5227,1.00e-02,
5228,-1.00e-02,
5229,1.00e-02,
5230,3.00e-02,
5231,1.00e-02,
5232,-1.00e-02,
5233,1.00e-02,
5234,3.00e-02,
5235,-1.00e-02,
5236,-1.00e-02,
5237,3.00e-02,
5238,1.00e-02,
5239,-1.00e-02,
5240,1.00e-02,
5241,3.00e-02,
5242,-1.00e-02,
5243,-3.00e-02,
5244,1.00e-02,
5245,1.00e-02,
5246,-1.00e-02,
5247,1.00e-02,
5248,1.00e-02,
5249,1.00e-02,
5250,-1.00e-02,
5251,1.00e-02,
5252,3.00e-02,
5253,-1.00e-02,
5254,-1.00e-02,
5255,3.00e-02,
5256,1.00e-02,
5257,-3.00e-02,
5258,1.00e-02,
5259,3.00e-02,
5260,-1.00e-02,
5261,-1.00e-02,
5262,1.00e-02,
5263,3.00e-02,
5264,-1.00e-02,
5265,-1.00e-02,
5266,3.00e-02,
5267,1.00e-02,
5268,-1.00e-02,
5269,1.00e-02,
5270,3.00e-02,
5271,1.00e-02,
5272,-3.00e-02,
5273,1.00e-02,
5274,3.00e-02,
5275,-3.00e-02,
5276,1.00e-02,
5277,3.00e-02,
5278,1.00e-02,
5279,-1.00e-02,
5280,1.00e-02,
5281,3.00e-02,
5282,-1.00e-02,
5283,-1.00e-02,
5284,1.00e-02,
5285,3.00e-02,
5286,-1.00e-02,
5287,1.00e-02,
5288,3.00e-02,
5289,1.00e-02,
5290,-3.00e-02,
5291,1.00e-02,
5292,3.00e-02,
5293,-1.00e-02,
5294,-1.00e-02,
5295,3.00e-02,
5296,1.00e-02,
5297,-3.00e-02,
5298,-1.00e-02,
5299,3.00e-02,
5300,1.00e-02,
5301,-1.00e-02,
5302,1.00e-02,
5303,3.00e-02,
5304,-1.00e-02,
5305,-1.00e-02,
5306,1.00e-02,
5307,1.00e-02,
5308,-1.00e-02,
5309,1.00e-02,
5310,3.00e-02,
5311,1.00e-02,
5312,-3.00e-02,
5313,1.00e-02,
5314,3.00e-02,
5315,-3.00e-02,
5316,-1.00e-02,
5317,3.00e-02,
5318,1.00e-02,
5319,-3.00e-02,
5320,-1.00e-02,
5321,3.00e-02,
5322,-1.00e-02,
5323,-1.00e-02,
5324,1.00e-02,
5325,3.00e-02,
5326,-1.00e-02,
5327,-1.00e-02,
5328,3.00e-02,
5329,1.00e-02,
5330,-3.00e-02,
5331,1.00e-02,
5332,3.00e-02,
5333,-1.00e-02,
5334,-1.00e-02,
5335,1.00e-02,
5336,3.00e-02,
5337,-1.00e-02,
5338,-1.00e-02,
5339,1.00e-02,
5340,1.00e-02,
5341,-1.00e-02,
5342,1.00e-02,
5343,3.00e-02,
5344,-1.00e-02,
5345,-1.00e-02,
5346,1.00e-02,
5347,1.00e-02,
5348,-3.00e-02,
5349,-1.00e-02,
5350,3.00e-02,
5351,1.00e-02,
5352,-3.00e-02,
5353,1.00e-02,
5354,3.00e-02,
5355,-1.00e-02,
5356,-1.00e-02,
5357,3.00e-02,
5358,1.00e-02,
5359,-1.00e-02,
5360,-1.00e-02,
5361,3.00e-02,
5362,1.00e-02,
5363,-3.00e-02,
5364,1.00e-02,
5365,3.00e-02,
5366,-1.00e-02,
5367,-1.00e-02,
5368,3.00e-02,
5369,1.00e-02,
5370,-3.00e-02,
5371,-1.00e-02,
5372,3.00e-02,
5373,1.00e-02,
5374,-1.00e-02,
5375,1.00e-02,
5376,1.00e-02,
5377,-1.00e-02,
5378,-1.00e-02,
5379,3.00e-02,
5380,1.00e-02,
5381,-1.00e-02,
5382,1.00e-02,
5383,3.00e-02,
5384,1.00e-02,
5385,-1.00e-02,
5386,1.00e-02,
5387,3.00e-02,
5388,-1.00e-02,
5389,-1.00e-02,
5390,1.00e-02,
5391,3.00e-02,
5392,-1.00e-02,
5393,-1.00e-02,
5394,1.00e-02,
5395,1.00e-02,
5396,-1.00e-02,
5397,1.00e-02,
5398,3.00e-02,
5399,-1.00e-02,
5400,-1.00e-02,
5401,3.00e-02,
5402,1.00e-02,
5403,-1.00e-02,
5404,1.00e-02,
5405,1.00e-02,
5406,-1.00e-02,
5407,-1.00e-02,
5408,3.00e-02,
5409,1.00e-02,
5410,-1.00e-02,
5411,1.00e-02,
5412,3.00e-02,
5413,1.00e-02,
5414,-1.00e-02,
5415,1.00e-02,
5416,3.00e-02,
5417,-1.00e-02,
5418,-1.00e-02,
5419,1.00e-02,
5420,1.00e-02,
5421,-1.00e-02,
5422,-1.00e-02,
5423,3.00e-02,
5424,1.00e-02,
5425,-3.00e-02,
5426,1.00e-02,
5427,3.00e-02,
5428,-1.00e-02,
5429,-1.00e-02,
5430,1.00e-02,
5431,1.00e-02,
5432,-3.00e-02,
5433,-1.00e-02,
5434,3.00e-02,
5435,1.00e-02,
5436,-3.00e-02,
5437,1.00e-02,
5438,3.00e-02,
5439,-1.00e-02,
5440,-1.00e-02,
5441,3.00e-02,
5442,1.00e-02,
5443,-3.00e-02,
5444,1.00e-02,
5445,3.00e-02,
5446,1.00e-02,
5447,-1.00e-02,
5448,1.00e-02,
5449,3.00e-02,
5450,-1.00e-02,
5451,-1.00e-02,
5452,1.00e-02,
5453,1.00e-02,
5454,-1.00e-02,
5455,1.00e-02,
5456,3.00e-02,
5457,-1.00e-02,
5458,-1.00e-02,
5459,1.00e-02,
5460,3.00e-02,
5461,-1.00e-02,
5462,-1.00e-02,
5463,1.00e-02,
5464,1.00e-02,
5465,-3.00e-02,
5466,-1.00e-02,
5467,1.00e-02,
5468,-1.00e-02,
5469,-1.00e-02,
5470,1.00e-02,
5471,3.00e-02,
5472,-1.00e-02,
5473,-1.00e-02,
5474,1.00e-02,
5475,1.00e-02,
5476,-3.00e-02,
5477,1.00e-02,
5478,3.00e-02,
5479,1.00e-02,
5480,-1.00e-02,
5481,1.00e-02,
5482,1.00e-02,
5483,-1.00e-02,
5484,-1.00e-02,
5485,1.00e-02,
5486,1.00e-02,
5487,-3.00e-02,
5488,1.00e-02,
5489,3.00e-02,
5490,-1.00e-02,
5491,-1.00e-02,
5492,1.00e-02,
5493,1.00e-02,
5494,-1.00e-02,
5495,-1.00e-02,
5496,3.00e-02,
5497,1.00e-02,
5498,-1.00e-02,
5499,1.00e-02,
5500,3.00e-02,
5501,-1.00e-02,
5502,-1.00e-02,
5503,1.00e-02,
5504,3.00e-02,
5505,-3.00e-02,
5506,-1.00e-02,
5507,3.00e-02,
5508,1.00e-02,
5509,-3.00e-02,
5510,-1.00e-02,
5511,3.00e-02,
5512,-1.00e-02,
5513,-1.00e-02,
5514,1.00e-02,
5515,3.00e-02,
5516,-1.00e-02,
5517,1.00e-02,
5518,3.00e-02,
5519,1.00e-02,
5520,-3.00e-02,
5521,1.00e-02,
5522,1.00e-02,
5523,-1.00e-02,
5524,-1.00e-02,
5525,1.00e-02,
5526,1.00e-02,
5527,-1.00e-02,
5528,-1.00e-02,
5529,3.00e-02,
5530,1.00e-02,
5531,-3.00e-02,
5532,1.00e-02,
5533,3.00e-02,
5534,-1.00e-02,
5535,-1.00e-02,
5536,3.00e-02,
5537,1.00e-02,
5538,-1.00e-02,
5539,-1.00e-02,
5540,1.00e-02,
5541,1.00e-02,
5542,-1.00e-02,
5543,1.00e-02,
5544,3.00e-02,
5545,-1.00e-02,
5546,-1.00e-02,
5547,1.00e-02,
5548,1.00e-02,
5549,-1.00e-02,
5550,-1.00e-02,
5551,3.00e-02,
5552,-1.00e-02,
5553,-3.00e-02,
5554,1.00e-02,
5555,3.00e-02,
5556,-1.00e-02,
5557,-1.00e-02,
5558,1.00e-02,
5559,1.00e-02,
5560,-1.00e-02,
5561,1.00e-02,
5562,3.00e-02,
5563,1.00e-02,
5564,-1.00e-02,
5565,1.00e-02,
5566,3.00e-02,
5567,-1.00e-02,
5568,-1.00e-02,
5569,1.00e-02,
5570,1.00e-02,
5571,-3.00e-02,
5572,1.00e-02,
5573,3.00e-02,
5574,1.00e-02,
5575,-3.00e-02,
5576,1.00e-02,
5577,3.00e-02,
5578,-3.00e-02,
5579,-1.00e-02,
5580,1.00e-02,
5581,1.00e-02,
5582,-1.00e-02,
5583,1.00e-02,
5584,3.00e-02,
5585,-1.00e-02,
5586,-1.00e-02,
5587,1.00e-02,
5588,1.00e-02,
5589,-1.00e-02,
5590,-1.00e-02,
5591,3.00e-02,
5592,1.00e-02,
5593,-3.00e-02,
5594,1.00e-02,
5595,1.00e-02,
5596,1.00e-02,
5597,-1.00e-02,
5598,1.00e-02,
5599,3.00e-02,
5600,-1.00e-02,
5601,-1.00e-02,
5602,1.00e-02,
5603,3.00e-02,
5604,-1.00e-02,
5605,-1.00e-02,
5606,3.00e-02,
5607,1.00e-02,
5608,-3.00e-02,
5609,1.00e-02,
5610,1.00e-02,
5611,-1.00e-02,
5612,-1.00e-02,
5613,1.00e-02,
5614,1.00e-02,
5615,-1.00e-02,
5616,-1.00e-02,
5617,1.00e-02,
5618,-1.00e-02,
5619,-3.00e-02,
5620,1.00e-02,
5621,3.00e-02,
5622,-3.00e-02,
5623,-1.00e-02,
5624,1.00e-02,
5625,1.00e-02,
5626,-3.00e-02,
5627,-1.00e-02,
5628,3.00e-02,
5629,1.00e-02,
5630,-3.00e-02,
5631,1.00e-02,
5632,1.00e-02,
5633,-1.00e-02,
5634,-1.00e-02,
5635,1.00e-02,
5636,1.00e-02,
5637,-1.00e-02,
5638,1.00e-02,
5639,3.00e-02,
5640,1.00e-02,
5641,-1.00e-02,
5642,1.00e-02,
5643,3.00e-02,
5644,-1.00e-02,
5645,-1.00e-02,
5646,3.00e-02,
5647,3.00e-02,
5648,-1.00e-02,
5649,-1.00e-02,
5650,3.00e-02,
5651,-1.00e-02,
5652,-1.00e-02,
5653,1.00e-02,
5654,3.00e-02,
5655,-1.00e-02,
5656,-1.00e-02,
5657,1.00e-02,
5658,1.00e-02,
5659,-3.00e-02,
5660,1.00e-02,
5661,3.00e-02,
5662,-1.00e-02,
5663,-1.00e-02,
5664,1.00e-02,
5665,3.00e-02,
5666,-1.00e-02,
5667,-1.00e-02,
5668,1.00e-02,
5669,1.00e-02,
5670,-3.00e-02,
5671,1.00e-02,
5672,1.00e-02,
5673,-1.00e-02,
5674,-1.00e-02,
5675,1.00e-02,
5676,1.00e-02,
5677,-1.00e-02,
5678,-1.00e-02,
5679,3.00e-02,
5680,1.00e-02,
5681,-3.00e-02,
5682,1.00e-02,
5683,1.00e-02,
5684,-1.00e-02,
5685,-1.00e-02,
5686,3.00e-02,
5687,1.00e-02,
5688,-1.00e-02,
5689,-1.00e-02,
5690,3.00e-02,
5691,1.00e-02,
5692,-3.00e-02,
5693,1.00e-02,
5694,3.00e-02,
5695,1.00e-02,
5696,-1.00e-02,
5697,1.00e-02,
5698,3.00e-02,
5699,-1.00e-02,
5700,-1.00e-02,
5701,1.00e-02,
5702,1.00e-02,
5703,-1.00e-02,
5704,1.00e-02,
5705,3.00e-02,
5706,-1.00e-02,
5707,-1.00e-02,
5708,1.00e-02,
5709,1.00e-02,
5710,-1.00e-02,
5711,1.00e-02,
5712,1.00e-02,
5713,1.00e-02,
5714,-1.00e-02,
5715,1.00e-02,
5716,1.00e-02,
5717,-1.00e-02,
5718,-1.00e-02,
5719,1.00e-02,
5720,1.00e-02,
5721,-1.00e-02,
5722,1.00e-02,
5723,3.00e-02,
5724,1.00e-02,
5725,-1.00e-02,
5726,1.00e-02,
5727,3.00e-02,
5728,-1.00e-02,
5729,-3.00e-02,
5730,1.00e-02,
5731,1.00e-02,
5732,-1.00e-02,
5733,-1.00e-02,
5734,3.00e-02,
5735,1.00e-02,
5736,-1.00e-02,
5737,1.00e-02,
5738,3.00e-02,
5739,-1.00e-02,
5740,-1.00e-02,
5741,1.00e-02,
5742,1.00e-02,
5743,-1.00e-02,
5744,1.00e-02,
5745,1.00e-02,
5746,1.00e-02,
5747,-1.00e-02,
5748,1.00e-02,
5749,3.00e-02,
5750,-1.00e-02,
5751,-1.00e-02,
5752,3.00e-02,
5753,1.00e-02,
5754,-1.00e-02,
5755,-1.00e-02,
5756,1.00e-02,
5757,1.00e-02,
5758,-1.00e-02,
5759,1.00e-02,
5760,3.00e-02,
5761,-1.00e-02,
5762,-1.00e-02,
5763,1.00e-02,
5764,3.00e-02,
5765,-1.00e-02,
5766,1.00e-02,
5767,3.00e-02,
5768,1.00e-02,
5769,-3.00e-02,
5770,1.00e-02,
5771,3.00e-02,
5772,-1.00e-02,
5773,-1.00e-02,
5774,1.00e-02,
5775,1.00e-02,
5776,-1.00e-02,
5777,1.00e-02,
5778,1.00e-02,
5779,1.00e-02,
5780,-3.00e-02,
5781,1.00e-02,
5782,3.00e-02,
5783,1.00e-02,
5784,-1.00e-02,
5785,1.00e-02,
5786,3.00e-02,
5787,-1.00e-02,
5788,-1.00e-02,
5789,3.00e-02,
5790,1.00e-02,
5791,-1.00e-02,
5792,1.00e-02,
5793,1.00e-02,
5794,-1.00e-02,
5795,-1.00e-02,
5796,1.00e-02,
5797,1.00e-02,
5798,-1.00e-02,
5799,1.00e-02,
5800,1.00e-02,
5801,1.00e-02,
5802,-1.00e-02,
5803,1.00e-02,
5804,3.00e-02,
5805,-1.00e-02,
5806,-1.00e-02,
5807,3.00e-02,
5808,1.00e-02,
5809,-3.00e-02,
5810,-1.00e-02,
5811,3.00e-02,
5812,-1.00e-02,
5813,-3.00e-02,
5814,1.00e-02,
5815,3.00e-02,
5816,-1.00e-02,
5817,-1.00e-02,
5818,3.00e-02,
5819,1.00e-02,
5820,-1.00e-02,
5821,-1.00e-02,
5822,3.00e-02,
5823,1.00e-02,
5824,-1.00e-02,
5825,1.00e-02,
5826,3.00e-02,
5827,-1.00e-02,
5828,-1.00e-02,
5829,1.00e-02,
5830,1.00e-02,
5831,-1.00e-02,
5832,-1.00e-02,
5833,1.00e-02,
5834,1.00e-02,
5835,-1.00e-02,
5836,1.00e-02,
5837,3.00e-02,
5838,-1.00e-02,
5839,-1.00e-02,
5840,3.00e-02,
5841,1.00e-02,
5842,-1.00e-02,
5843,-1.00e-02,
5844,3.00e-02,
5845,-1.00e-02,
5846,-3.00e-02,
5847,1.00e-02,
5848,1.00e-02,
5849,-1.00e-02,
5850,-1.00e-02,
5851,1.00e-02,
5852,1.00e-02,
5853,-1.00e-02,
5854,-1.00e-02,
5855,3.00e-02,
5856,-1.00e-02,
5857,-3.00e-02,
5858,1.00e-02,
5859,3.00e-02,
5860,-1.00e-02,
5861,-1.00e-02,
5862,1.00e-02,
5863,3.00e-02,
5864,-3.00e-02,
5865,-1.00e-02,
5866,3.00e-02,
5867,-1.00e-02,
5868,-1.00e-02,
5869,1.00e-02,
5870,1.00e-02,
5871,-1.00e-02,
5872,-1.00e-02,
5873,3.00e-02,
5874,3.00e-02,
5875,-3.00e-02,
5876,-1.00e-02,
5877,3.00e-02,
5878,1.00e-02,
5879,-1.00e-02,
5880,1.00e-02,
5881,3.00e-02,
5882,-1.00e-02,
5883,-1.00e-02,
5884,3.00e-02,
5885,1.00e-02,
5886,-1.00e-02,
5887,-1.00e-02,
5888,1.00e-02,
5889,-1.00e-02,
5890,-3.00e-02,
5891,1.00e-02,
5892,1.00e-02,
5893,-1.00e-02,
5894,-1.00e-02,
5895,1.00e-02,
5896,1.00e-02,
5897,-1.00e-02,
5898,-1.00e-02,
5899,1.00e-02,
5900,1.00e-02,
5901,-3.00e-02,
5902,1.00e-02,
5903,3.00e-02,
5904,-1.00e-02,
5905,-1.00e-02,
5906,1.00e-02,
5907,1.00e-02,
5908,-1.00e-02,
5909,-1.00e-02,
5910,1.00e-02,
5911,1.00e-02,
5912,-3.00e-02,
5913,1.00e-02,
5914,3.00e-02,
5915,-1.00e-02,
5916,-1.00e-02,
5917,3.00e-02,
5918,1.00e-02,
5919,-1.00e-02,
5920,1.00e-02,
5921,1.00e-02,
5922,-1.00e-02,
5923,-1.00e-02,
5924,1.00e-02,
5925,3.00e-02,
5926,-1.00e-02,
5927,-1.00e-02,
5928,1.00e-02,
5929,1.00e-02,
5930,-1.00e-02,
5931,-1.00e-02,
5932,1.00e-02,
5933,1.00e-02,
5934,-3.00e-02,
5935,1.00e-02,
5936,3.00e-02,
5937,-1.00e-02,
5938,-3.00e-02,
5939,3.00e-02,
5940,1.00e-02,
5941,-1.00e-02,
5942,-1.00e-02,
5943,3.00e-02,
5944,1.00e-02,
5945,-1.00e-02,
5946,1.00e-02,
5947,3.00e-02,
5948,-1.00e-02,
5949,-1.00e-02,
5950,3.00e-02,
5951,1.00e-02,
5952,-1.00e-02,
5953,-1.00e-02,
5954,3.00e-02,
5955,1.00e-02,
5956,-1.00e-02,
5957,1.00e-02,
5958,1.00e-02,
5959,-1.00e-02,
5960,-1.00e-02,
5961,1.00e-02,
5962,1.00e-02,
5963,-1.00e-02,
5964,-1.00e-02,
5965,3.00e-02,
5966,1.00e-02,
5967,-1.00e-02,
5968,1.00e-02,
5969,1.00e-02,
5970,-1.00e-02,
5971,-1.00e-02,
5972,1.00e-02,
5973,1.00e-02,
5974,-1.00e-02,
5975,-1.00e-02,
5976,3.00e-02,
5977,1.00e-02,
5978,-3.00e-02,
5979,1.00e-02,
5980,1.00e-02,
5981,-1.00e-02,
5982,-1.00e-02,
5983,3.00e-02,
5984,3.00e-02,
5985,-1.00e-02,
5986,1.00e-02,
5987,1.00e-02,
5988,1.00e-02,
5989,-1.00e-02,
5990,1.00e-02,
5991,3.00e-02,
5992,-1.00e-02,
5993,-1.00e-02,
5994,1.00e-02,
5995,1.00e-02,
5996,-1.00e-02,
5997,1.00e-02,
5998,1.00e-02,
5999,1.00e-02,
