X,CH1,CH2,Start,Increment,
Sequence,Volt,Volt,-5.099999e-07,2.000000e-09
0,-4.00e-02,4.00e-02,
1,-4.00e-02,-4.00e-02,
2,-4.00e-02,4.00e-02,
3,-4.00e-02,4.00e-02,
4,-4.00e-02,4.00e-02,
5,-4.00e-02,4.00e-02,
6,-4.00e-02,4.00e-02,
7,-4.00e-02,4.00e-02,
8,-4.00e-02,4.00e-02,
9,-4.00e-02,4.00e-02,
10,-4.00e-02,4.00e-02,
11,-4.00e-02,4.00e-02,
12,-4.00e-02,4.00e-02,
13,-4.00e-02,4.00e-02,
14,-4.00e-02,4.00e-02,
15,-4.00e-02,4.00e-02,
16,-4.00e-02,4.00e-02,
17,-4.00e-02,4.00e-02,
18,-4.00e-02,4.00e-02,
19,-4.00e-02,4.00e-02,
20,-4.00e-02,4.00e-02,
21,0.00e+00,-4.00e-02,
22,-4.00e-02,4.00e-02,
23,-4.00e-02,4.00e-02,
24,-4.00e-02,4.00e-02,
25,-4.00e-02,4.00e-02,
26,-4.00e-02,4.00e-02,
27,-4.00e-02,4.00e-02,
28,-4.00e-02,4.00e-02,
29,-4.00e-02,4.00e-02,
30,-4.00e-02,4.00e-02,
31,-4.00e-02,4.00e-02,
32,-4.00e-02,4.00e-02,
33,-4.00e-02,4.00e-02,
34,-4.00e-02,4.00e-02,
35,-4.00e-02,4.00e-02,
36,-4.00e-02,4.00e-02,
37,-4.00e-02,4.00e-02,
38,-4.00e-02,4.00e-02,
39,-4.00e-02,4.00e-02,
40,-4.00e-02,4.00e-02,
41,-4.00e-02,4.00e-02,
42,-4.00e-02,4.00e-02,
43,-4.00e-02,4.00e-02,
44,-4.00e-02,4.00e-02,
45,-4.00e-02,4.00e-02,
46,-4.00e-02,4.00e-02,
47,-4.00e-02,4.00e-02,
48,-4.00e-02,4.00e-02,
49,-4.00e-02,4.00e-02,
50,-4.00e-02,4.00e-02,
51,-4.00e-02,4.00e-02,
52,-4.00e-02,4.00e-02,
53,-4.00e-02,4.00e-02,
54,-4.00e-02,4.00e-02,
55,-4.00e-02,4.00e-02,
56,-4.00e-02,4.00e-02,
57,-4.00e-02,4.00e-02,
58,-4.00e-02,4.00e-02,
59,-4.00e-02,4.00e-02,
60,-4.00e-02,4.00e-02,
61,-4.00e-02,4.00e-02,
62,-4.00e-02,4.00e-02,
63,-4.00e-02,4.00e-02,
64,-4.00e-02,4.00e-02,
65,-4.00e-02,-4.00e-02,
66,-4.00e-02,4.00e-02,
67,-4.00e-02,4.00e-02,
68,-4.00e-02,4.00e-02,
69,-4.00e-02,4.00e-02,
70,-4.00e-02,4.00e-02,
71,-4.00e-02,4.00e-02,
72,-4.00e-02,4.00e-02,
73,-4.00e-02,-4.00e-02,
74,-4.00e-02,4.00e-02,
75,-4.00e-02,4.00e-02,
76,-4.00e-02,4.00e-02,
77,-4.00e-02,4.00e-02,
78,-4.00e-02,4.00e-02,
79,-4.00e-02,4.00e-02,
80,-4.00e-02,4.00e-02,
81,-4.00e-02,4.00e-02,
82,-4.00e-02,4.00e-02,
83,-4.00e-02,4.00e-02,
84,-4.00e-02,4.00e-02,
85,-4.00e-02,4.00e-02,
86,-4.00e-02,4.00e-02,
87,-4.00e-02,4.00e-02,
88,-4.00e-02,4.00e-02,
89,-4.00e-02,-4.00e-02,
90,-4.00e-02,4.00e-02,
91,-4.00e-02,4.00e-02,
92,-4.00e-02,4.00e-02,
93,-4.00e-02,4.00e-02,
94,-4.00e-02,4.00e-02,
95,-4.00e-02,4.00e-02,
96,-4.00e-02,4.00e-02,
97,-4.00e-02,4.00e-02,
98,-4.00e-02,4.00e-02,
99,-4.00e-02,4.00e-02,
100,-4.00e-02,4.00e-02,
101,-4.00e-02,4.00e-02,
102,-4.00e-02,4.00e-02,
103,-4.00e-02,4.00e-02,
104,-4.00e-02,4.00e-02,
105,-4.00e-02,4.00e-02,
106,-4.00e-02,4.00e-02,
107,-4.00e-02,4.00e-02,
108,-4.00e-02,4.00e-02,
109,-4.00e-02,4.00e-02,
110,-4.00e-02,4.00e-02,
111,-4.00e-02,4.00e-02,
112,-4.00e-02,4.00e-02,
113,-4.00e-02,4.00e-02,
114,-4.00e-02,4.00e-02,
115,-4.00e-02,4.00e-02,
116,-4.00e-02,4.00e-02,
117,-4.00e-02,4.00e-02,
118,-4.00e-02,4.00e-02,
119,-4.00e-02,4.00e-02,
120,-4.00e-02,4.00e-02,
121,-4.00e-02,4.00e-02,
122,-4.00e-02,4.00e-02,
123,-4.00e-02,4.00e-02,
124,-4.00e-02,4.00e-02,
125,-4.00e-02,4.00e-02,
126,-4.00e-02,4.00e-02,
127,-4.00e-02,4.00e-02,
128,-4.00e-02,4.00e-02,
129,-4.00e-02,4.00e-02,
130,-4.00e-02,4.00e-02,
131,-4.00e-02,4.00e-02,
132,-4.00e-02,4.00e-02,
133,-4.00e-02,4.00e-02,
134,-4.00e-02,4.00e-02,
135,-4.00e-02,4.00e-02,
136,-4.00e-02,4.00e-02,
137,-4.00e-02,4.00e-02,
138,-4.00e-02,4.00e-02,
139,-4.00e-02,4.00e-02,
140,-4.00e-02,4.00e-02,
141,-4.00e-02,4.00e-02,
142,-4.00e-02,4.00e-02,
143,-4.00e-02,4.00e-02,
144,-4.00e-02,4.00e-02,
145,-4.00e-02,4.00e-02,
146,-4.00e-02,4.00e-02,
147,-4.00e-02,4.00e-02,
148,-4.00e-02,4.00e-02,
149,-4.00e-02,4.00e-02,
150,-4.00e-02,4.00e-02,
151,-4.00e-02,4.00e-02,
152,-4.00e-02,4.00e-02,
153,-4.00e-02,4.00e-02,
154,-4.00e-02,4.00e-02,
155,-4.00e-02,4.00e-02,
156,-4.00e-02,4.00e-02,
157,-4.00e-02,4.00e-02,
158,-4.00e-02,4.00e-02,
159,-4.00e-02,4.00e-02,
160,-4.00e-02,4.00e-02,
161,-4.00e-02,4.00e-02,
162,-4.00e-02,4.00e-02,
163,-4.00e-02,4.00e-02,
164,-4.00e-02,4.00e-02,
165,-4.00e-02,4.00e-02,
166,-4.00e-02,4.00e-02,
167,-4.00e-02,4.00e-02,
168,-4.00e-02,4.00e-02,
169,-4.00e-02,4.00e-02,
170,-4.00e-02,4.00e-02,
171,-4.00e-02,4.00e-02,
172,-4.00e-02,4.00e-02,
173,-4.00e-02,4.00e-02,
174,-4.00e-02,4.00e-02,
175,-4.00e-02,4.00e-02,
176,-4.00e-02,4.00e-02,
177,-4.00e-02,-4.00e-02,
178,-4.00e-02,4.00e-02,
179,-4.00e-02,4.00e-02,
180,-4.00e-02,4.00e-02,
181,-4.00e-02,4.00e-02,
182,-4.00e-02,4.00e-02,
183,-4.00e-02,4.00e-02,
184,-4.00e-02,4.00e-02,
185,-4.00e-02,4.00e-02,
186,-4.00e-02,4.00e-02,
187,-4.00e-02,4.00e-02,
188,-4.00e-02,4.00e-02,
189,-4.00e-02,4.00e-02,
190,-4.00e-02,4.00e-02,
191,-4.00e-02,4.00e-02,
192,-4.00e-02,4.00e-02,
193,-4.00e-02,4.00e-02,
194,-4.00e-02,4.00e-02,
195,-4.00e-02,4.00e-02,
196,-4.00e-02,4.00e-02,
197,-4.00e-02,4.00e-02,
198,-4.00e-02,4.00e-02,
199,-4.00e-02,4.00e-02,
200,-4.00e-02,4.00e-02,
201,-4.00e-02,-4.00e-02,
202,-4.00e-02,4.00e-02,
203,-4.00e-02,4.00e-02,
204,-4.00e-02,4.00e-02,
205,-4.00e-02,4.00e-02,
206,-4.00e-02,4.00e-02,
207,-4.00e-02,4.00e-02,
208,-4.00e-02,4.00e-02,
209,-4.00e-02,4.00e-02,
210,-4.00e-02,4.00e-02,
211,-4.00e-02,4.00e-02,
212,-4.00e-02,4.00e-02,
213,-4.00e-02,4.00e-02,
214,-4.00e-02,4.00e-02,
215,-4.00e-02,4.00e-02,
216,-4.00e-02,4.00e-02,
217,-4.00e-02,4.00e-02,
218,-4.00e-02,4.00e-02,
219,-4.00e-02,4.00e-02,
220,-4.00e-02,4.00e-02,
221,-4.00e-02,4.00e-02,
222,-4.00e-02,4.00e-02,
223,-4.00e-02,4.00e-02,
224,-4.00e-02,4.00e-02,
225,-4.00e-02,4.00e-02,
226,-4.00e-02,4.00e-02,
227,-4.00e-02,4.00e-02,
228,-4.00e-02,4.00e-02,
229,-4.00e-02,4.00e-02,
230,-4.00e-02,4.00e-02,
231,-4.00e-02,4.00e-02,
232,-4.00e-02,4.00e-02,
233,-4.00e-02,4.00e-02,
234,-4.00e-02,4.00e-02,
235,-4.00e-02,4.00e-02,
236,-4.00e-02,4.00e-02,
237,-4.00e-02,4.00e-02,
238,-4.00e-02,4.00e-02,
239,-4.00e-02,4.00e-02,
240,-4.00e-02,4.00e-02,
241,-4.00e-02,4.00e-02,
242,-4.00e-02,4.00e-02,
243,-4.00e-02,4.00e-02,
244,-4.00e-02,4.00e-02,
245,-4.00e-02,4.00e-02,
246,-4.00e-02,4.00e-02,
247,-4.00e-02,4.00e-02,
248,-4.00e-02,4.00e-02,
249,-4.00e-02,4.00e-02,
250,-4.00e-02,4.00e-02,
251,-4.00e-02,4.00e-02,
252,-4.00e-02,4.00e-02,
253,-4.00e-02,4.00e-02,
254,-3.20e-01,4.00e-02,
255,-1.04e+00,4.00e-02,
256,-1.48e+00,4.00e-02,
257,-1.48e+00,4.00e-02,
258,-1.52e+00,4.00e-02,
259,-1.48e+00,4.00e-02,
260,-1.52e+00,4.00e-02,
261,-1.52e+00,4.00e-02,
262,-1.52e+00,4.00e-02,
263,-1.52e+00,4.00e-02,
264,-1.52e+00,4.00e-02,
265,-1.52e+00,-4.00e-02,
266,-1.60e+00,4.00e-02,
267,-1.52e+00,4.00e-02,
268,-1.52e+00,4.00e-02,
269,-1.52e+00,4.00e-02,
270,-1.60e+00,4.00e-02,
271,-1.52e+00,4.00e-02,
272,-1.52e+00,4.00e-02,
273,-1.52e+00,4.00e-02,
274,-1.60e+00,4.00e-02,
275,-1.52e+00,4.00e-02,
276,-1.52e+00,4.00e-02,
277,-1.52e+00,4.00e-02,
278,-1.60e+00,4.00e-02,
279,-1.52e+00,4.00e-02,
280,-1.52e+00,-4.00e-02,
281,-1.52e+00,-4.00e-02,
282,-1.60e+00,4.00e-02,
283,-1.52e+00,4.00e-02,
284,-1.52e+00,4.00e-02,
285,-1.52e+00,4.00e-02,
286,-1.60e+00,4.00e-02,
287,-1.52e+00,4.00e-02,
288,-1.52e+00,-4.00e-02,
289,-1.52e+00,4.00e-02,
290,-1.60e+00,4.00e-02,
291,-1.52e+00,4.00e-02,
292,-1.52e+00,4.00e-02,
293,-1.52e+00,4.00e-02,
294,-1.60e+00,4.00e-02,
295,-1.52e+00,4.00e-02,
296,-1.52e+00,4.00e-02,
297,-1.52e+00,4.00e-02,
298,-1.60e+00,4.00e-02,
299,-1.52e+00,4.00e-02,
300,-1.52e+00,4.00e-02,
301,-1.52e+00,4.00e-02,
302,-1.60e+00,4.00e-02,
303,-1.52e+00,4.00e-02,
304,-1.52e+00,4.00e-02,
305,-1.52e+00,4.00e-02,
306,-1.60e+00,4.00e-02,
307,-1.52e+00,4.00e-02,
308,-1.52e+00,4.00e-02,
309,-1.60e+00,4.00e-02,
310,-1.60e+00,4.00e-02,
311,-1.52e+00,4.00e-02,
312,-1.52e+00,4.00e-02,
313,-1.52e+00,4.00e-02,
314,-1.60e+00,4.00e-02,
315,-1.52e+00,4.00e-02,
316,-1.52e+00,4.00e-02,
317,-1.52e+00,4.00e-02,
318,-1.60e+00,4.00e-02,
319,-1.52e+00,4.00e-02,
320,-1.52e+00,4.00e-02,
321,-1.52e+00,4.00e-02,
322,-1.60e+00,4.00e-02,
323,-1.52e+00,4.00e-02,
324,-1.52e+00,4.00e-02,
325,-1.52e+00,4.00e-02,
326,-1.60e+00,4.00e-02,
327,-1.52e+00,4.00e-02,
328,-1.52e+00,4.00e-02,
329,-1.52e+00,4.00e-02,
330,-1.60e+00,4.00e-02,
331,-1.52e+00,4.00e-02,
332,-1.52e+00,4.00e-02,
333,-1.52e+00,4.00e-02,
334,-1.60e+00,4.00e-02,
335,-1.52e+00,4.00e-02,
336,-1.52e+00,4.00e-02,
337,-1.52e+00,4.00e-02,
338,-1.52e+00,4.00e-02,
339,-1.52e+00,4.00e-02,
340,-1.52e+00,4.00e-02,
341,-1.52e+00,4.00e-02,
342,-1.60e+00,4.00e-02,
343,-1.52e+00,4.00e-02,
344,-1.52e+00,4.00e-02,
345,-1.52e+00,4.00e-02,
346,-1.60e+00,4.00e-02,
347,-1.52e+00,4.00e-02,
348,-1.52e+00,4.00e-02,
349,-1.52e+00,4.00e-02,
350,-1.60e+00,4.00e-02,
351,-1.52e+00,4.00e-02,
352,-1.52e+00,4.00e-02,
353,-1.52e+00,4.00e-02,
354,-1.60e+00,4.00e-02,
355,-1.52e+00,4.00e-02,
356,-1.52e+00,4.00e-02,
357,-1.52e+00,4.00e-02,
358,-1.60e+00,4.00e-02,
359,-1.52e+00,4.00e-02,
360,-1.52e+00,4.00e-02,
361,-1.52e+00,4.00e-02,
362,-1.60e+00,4.00e-02,
363,-1.52e+00,4.00e-02,
364,-1.52e+00,4.00e-02,
365,-1.52e+00,4.00e-02,
366,-1.60e+00,4.00e-02,
367,-1.52e+00,4.00e-02,
368,-1.52e+00,4.00e-02,
369,-1.60e+00,4.00e-02,
370,-1.60e+00,4.00e-02,
371,-1.52e+00,4.00e-02,
372,-1.52e+00,4.00e-02,
373,-1.52e+00,4.00e-02,
374,-1.60e+00,4.00e-02,
375,-1.52e+00,4.00e-02,
376,-1.52e+00,4.00e-02,
377,-1.52e+00,4.00e-02,
378,-1.60e+00,4.00e-02,
379,-1.52e+00,4.00e-02,
380,-1.52e+00,4.00e-02,
381,-1.52e+00,4.00e-02,
382,-1.60e+00,4.00e-02,
383,-1.52e+00,4.00e-02,
384,-1.52e+00,4.00e-02,
385,-1.52e+00,4.00e-02,
386,-1.60e+00,4.00e-02,
387,-1.52e+00,4.00e-02,
388,-1.52e+00,4.00e-02,
389,-1.60e+00,4.00e-02,
390,-1.60e+00,4.00e-02,
391,-1.52e+00,4.00e-02,
392,-1.60e+00,4.00e-02,
393,-1.52e+00,4.00e-02,
394,-1.60e+00,4.00e-02,
395,-1.52e+00,4.00e-02,
396,-1.52e+00,4.00e-02,
397,-1.52e+00,4.00e-02,
398,-1.52e+00,4.00e-02,
399,-1.52e+00,4.00e-02,
400,-1.52e+00,4.00e-02,
401,-1.52e+00,-4.00e-02,
402,-1.52e+00,4.00e-02,
403,-1.52e+00,4.00e-02,
404,-1.52e+00,4.00e-02,
405,-1.52e+00,4.00e-02,
406,-1.60e+00,4.00e-02,
407,-1.52e+00,4.00e-02,
408,-1.52e+00,-4.00e-02,
409,-1.52e+00,4.00e-02,
410,-1.60e+00,4.00e-02,
411,-1.52e+00,4.00e-02,
412,-1.52e+00,4.00e-02,
413,-1.52e+00,4.00e-02,
414,-1.60e+00,4.00e-02,
415,-1.52e+00,4.00e-02,
416,-1.52e+00,4.00e-02,
417,-1.52e+00,4.00e-02,
418,-1.60e+00,4.00e-02,
419,-1.52e+00,4.00e-02,
420,-1.52e+00,4.00e-02,
421,-1.52e+00,-4.00e-02,
422,-1.60e+00,4.00e-02,
423,-1.52e+00,4.00e-02,
424,-1.52e+00,4.00e-02,
425,-1.60e+00,4.00e-02,
426,-1.52e+00,4.00e-02,
427,-1.52e+00,4.00e-02,
428,-1.52e+00,4.00e-02,
429,-1.52e+00,4.00e-02,
430,-1.60e+00,4.00e-02,
431,-1.52e+00,4.00e-02,
432,-1.60e+00,4.00e-02,
433,-1.52e+00,4.00e-02,
434,-1.60e+00,4.00e-02,
435,-1.52e+00,4.00e-02,
436,-1.52e+00,4.00e-02,
437,-1.52e+00,4.00e-02,
438,-1.60e+00,4.00e-02,
439,-1.52e+00,4.00e-02,
440,-1.52e+00,-4.00e-02,
441,-1.52e+00,4.00e-02,
442,-1.60e+00,4.00e-02,
443,-1.52e+00,4.00e-02,
444,-1.52e+00,4.00e-02,
445,-1.52e+00,4.00e-02,
446,-1.60e+00,4.00e-02,
447,-1.52e+00,4.00e-02,
448,-1.52e+00,-4.00e-02,
449,-1.52e+00,4.00e-02,
450,-1.60e+00,4.00e-02,
451,-1.52e+00,4.00e-02,
452,-1.52e+00,4.00e-02,
453,-1.52e+00,4.00e-02,
454,-1.28e+00,4.00e-02,
455,-5.60e-01,4.00e-02,
456,-1.20e-01,4.00e-02,
457,-4.00e-02,4.00e-02,
458,-8.00e-02,4.00e-02,
459,-8.00e-02,4.00e-02,
460,-4.00e-02,4.00e-02,
461,-4.00e-02,4.00e-02,
462,-4.00e-02,4.00e-02,
463,-4.00e-02,4.00e-02,
464,-4.00e-02,4.00e-02,
465,-4.00e-02,4.00e-02,
466,-4.00e-02,4.00e-02,
467,-4.00e-02,4.00e-02,
468,-4.00e-02,4.00e-02,
469,-4.00e-02,4.00e-02,
470,-4.00e-02,4.00e-02,
471,-4.00e-02,4.00e-02,
472,-4.00e-02,4.00e-02,
473,-4.00e-02,4.00e-02,
474,-4.00e-02,4.00e-02,
475,-4.00e-02,4.00e-02,
476,-4.00e-02,4.00e-02,
477,-4.00e-02,4.00e-02,
478,-4.00e-02,4.00e-02,
479,-4.00e-02,4.00e-02,
480,-4.00e-02,4.00e-02,
481,-4.00e-02,4.00e-02,
482,-4.00e-02,4.00e-02,
483,-4.00e-02,4.00e-02,
484,-4.00e-02,4.00e-02,
485,-4.00e-02,4.00e-02,
486,-4.00e-02,4.00e-02,
487,-4.00e-02,4.00e-02,
488,-4.00e-02,4.00e-02,
489,-4.00e-02,4.00e-02,
490,-4.00e-02,4.00e-02,
491,-4.00e-02,4.00e-02,
492,-4.00e-02,4.00e-02,
493,-4.00e-02,4.00e-02,
494,-4.00e-02,4.00e-02,
495,-4.00e-02,4.00e-02,
496,-4.00e-02,4.00e-02,
497,-4.00e-02,4.00e-02,
498,-4.00e-02,4.00e-02,
499,-4.00e-02,4.00e-02,
500,-4.00e-02,4.00e-02,
501,-4.00e-02,4.00e-02,
502,-4.00e-02,4.00e-02,
503,-4.00e-02,4.00e-02,
504,-4.00e-02,4.00e-02,
505,-4.00e-02,4.00e-02,
506,-4.00e-02,4.00e-02,
507,-4.00e-02,4.00e-02,
508,-4.00e-02,4.00e-02,
509,-4.00e-02,4.00e-02,
510,-4.00e-02,4.00e-02,
511,-4.00e-02,4.00e-02,
512,-4.00e-02,4.00e-02,
513,-4.00e-02,-4.00e-02,
514,-4.00e-02,4.00e-02,
515,-4.00e-02,4.00e-02,
516,-4.00e-02,4.00e-02,
517,-4.00e-02,4.00e-02,
518,-4.00e-02,4.00e-02,
519,-4.00e-02,4.00e-02,
520,-4.00e-02,4.00e-02,
521,-4.00e-02,4.00e-02,
522,-4.00e-02,4.00e-02,
523,-4.00e-02,4.00e-02,
524,-4.00e-02,4.00e-02,
525,-4.00e-02,4.00e-02,
526,-4.00e-02,4.00e-02,
527,-4.00e-02,4.00e-02,
528,-4.00e-02,4.00e-02,
529,-4.00e-02,4.00e-02,
530,-4.00e-02,4.00e-02,
531,-4.00e-02,4.00e-02,
532,-4.00e-02,4.00e-02,
533,-4.00e-02,4.00e-02,
534,-4.00e-02,4.00e-02,
535,-4.00e-02,-4.00e-02,
536,-4.00e-02,4.00e-02,
537,-4.00e-02,4.00e-02,
538,-4.00e-02,4.00e-02,
539,-4.00e-02,4.00e-02,
540,-4.00e-02,4.00e-02,
541,-4.00e-02,4.00e-02,
542,-4.00e-02,4.00e-02,
543,-4.00e-02,4.00e-02,
544,-4.00e-02,4.00e-02,
545,-4.00e-02,4.00e-02,
546,-4.00e-02,4.00e-02,
547,-4.00e-02,4.00e-02,
548,-4.00e-02,4.00e-02,
549,-4.00e-02,4.00e-02,
550,-4.00e-02,4.00e-02,
551,-4.00e-02,4.00e-02,
552,-4.00e-02,4.00e-02,
553,-4.00e-02,4.00e-02,
554,-4.00e-02,4.00e-02,
555,-4.00e-02,4.00e-02,
556,-4.00e-02,4.00e-02,
557,-4.00e-02,4.00e-02,
558,-4.00e-02,4.00e-02,
559,-4.00e-02,4.00e-02,
560,-4.00e-02,-4.00e-02,
561,-4.00e-02,4.00e-02,
562,-4.00e-02,4.00e-02,
563,-4.00e-02,4.00e-02,
564,-4.00e-02,4.00e-02,
565,-4.00e-02,4.00e-02,
566,-4.00e-02,4.00e-02,
567,-4.00e-02,4.00e-02,
568,-4.00e-02,4.00e-02,
569,-4.00e-02,4.00e-02,
570,-4.00e-02,4.00e-02,
571,-4.00e-02,4.00e-02,
572,-4.00e-02,4.00e-02,
573,-4.00e-02,4.00e-02,
574,-4.00e-02,4.00e-02,
575,-4.00e-02,4.00e-02,
576,-4.00e-02,4.00e-02,
577,-4.00e-02,4.00e-02,
578,-4.00e-02,4.00e-02,
579,-4.00e-02,4.00e-02,
580,0.00e+00,-4.00e-02,
581,-4.00e-02,4.00e-02,
582,-4.00e-02,4.00e-02,
583,-4.00e-02,4.00e-02,
584,-4.00e-02,4.00e-02,
585,-4.00e-02,4.00e-02,
586,-4.00e-02,4.00e-02,
587,-4.00e-02,4.00e-02,
588,-4.00e-02,4.00e-02,
589,-4.00e-02,4.00e-02,
590,-4.00e-02,4.00e-02,
591,-4.00e-02,4.00e-02,
592,-4.00e-02,4.00e-02,
593,-4.00e-02,4.00e-02,
594,-4.00e-02,4.00e-02,
595,-4.00e-02,4.00e-02,
596,-4.00e-02,4.00e-02,
597,-4.00e-02,4.00e-02,
598,-4.00e-02,4.00e-02,
599,-4.00e-02,4.00e-02,
600,-4.00e-02,-4.00e-02,
601,-4.00e-02,4.00e-02,
602,-4.00e-02,4.00e-02,
603,-4.00e-02,4.00e-02,
604,-4.00e-02,4.00e-02,
605,-4.00e-02,4.00e-02,
606,-4.00e-02,-4.00e-02,
607,-4.00e-02,4.00e-02,
608,-4.00e-02,4.00e-02,
609,-4.00e-02,4.00e-02,
610,-4.00e-02,4.00e-02,
611,-4.00e-02,4.00e-02,
612,-4.00e-02,4.00e-02,
613,-4.00e-02,4.00e-02,
614,-4.00e-02,4.00e-02,
615,-4.00e-02,4.00e-02,
616,-4.00e-02,4.00e-02,
617,-4.00e-02,4.00e-02,
618,-4.00e-02,4.00e-02,
619,-4.00e-02,4.00e-02,
620,-4.00e-02,4.00e-02,
621,-4.00e-02,4.00e-02,
622,-4.00e-02,4.00e-02,
623,-4.00e-02,4.00e-02,
624,-4.00e-02,4.00e-02,
625,-4.00e-02,4.00e-02,
626,-4.00e-02,4.00e-02,
627,-4.00e-02,4.00e-02,
628,0.00e+00,4.00e-02,
629,-4.00e-02,4.00e-02,
630,-4.00e-02,4.00e-02,
631,-4.00e-02,4.00e-02,
632,0.00e+00,4.00e-02,
633,-4.00e-02,4.00e-02,
634,-4.00e-02,4.00e-02,
635,-4.00e-02,4.00e-02,
636,-4.00e-02,4.00e-02,
637,-4.00e-02,4.00e-02,
638,-4.00e-02,4.00e-02,
639,-4.00e-02,4.00e-02,
640,0.00e+00,4.00e-02,
641,-4.00e-02,4.00e-02,
642,-4.00e-02,4.00e-02,
643,-4.00e-02,4.00e-02,
644,-4.00e-02,4.00e-02,
645,-4.00e-02,4.00e-02,
646,-4.00e-02,4.00e-02,
647,-4.00e-02,4.00e-02,
648,0.00e+00,4.00e-02,
649,-4.00e-02,4.00e-02,
650,-4.00e-02,4.00e-02,
651,-4.00e-02,4.00e-02,
652,-4.00e-02,4.00e-02,
653,-4.00e-02,4.00e-02,
654,-4.00e-02,4.00e-02,
655,-4.00e-02,4.00e-02,
656,-4.00e-02,4.00e-02,
657,-4.00e-02,-4.00e-02,
658,-4.00e-02,4.00e-02,
659,-4.00e-02,4.00e-02,
660,-4.00e-02,4.00e-02,
661,-4.00e-02,4.00e-02,
662,-4.00e-02,4.00e-02,
663,-4.00e-02,4.00e-02,
664,-4.00e-02,4.00e-02,
665,-4.00e-02,4.00e-02,
666,-4.00e-02,4.00e-02,
667,-4.00e-02,4.00e-02,
668,-4.00e-02,4.00e-02,
669,-4.00e-02,4.00e-02,
670,-4.00e-02,4.00e-02,
671,-4.00e-02,4.00e-02,
672,-4.00e-02,4.00e-02,
673,-4.00e-02,4.00e-02,
674,-4.00e-02,4.00e-02,
675,-4.00e-02,4.00e-02,
676,0.00e+00,4.00e-02,
677,-4.00e-02,4.00e-02,
678,-4.00e-02,4.00e-02,
679,-4.00e-02,4.00e-02,
680,-4.00e-02,4.00e-02,
681,-4.00e-02,4.00e-02,
682,-4.00e-02,4.00e-02,
683,-4.00e-02,4.00e-02,
684,-4.00e-02,4.00e-02,
685,-4.00e-02,4.00e-02,
686,-4.00e-02,4.00e-02,
687,-4.00e-02,4.00e-02,
688,0.00e+00,4.00e-02,
689,-4.00e-02,4.00e-02,
690,-4.00e-02,4.00e-02,
691,-4.00e-02,4.00e-02,
692,-4.00e-02,4.00e-02,
693,-4.00e-02,4.00e-02,
694,-4.00e-02,4.00e-02,
695,-4.00e-02,4.00e-02,
696,-4.00e-02,4.00e-02,
697,-4.00e-02,4.00e-02,
698,-4.00e-02,4.00e-02,
699,-4.00e-02,4.00e-02,
700,0.00e+00,4.00e-02,
701,-4.00e-02,4.00e-02,
702,-4.00e-02,4.00e-02,
703,-4.00e-02,4.00e-02,
704,-4.00e-02,4.00e-02,
705,-4.00e-02,4.00e-02,
706,-4.00e-02,4.00e-02,
707,-4.00e-02,4.00e-02,
708,-4.00e-02,4.00e-02,
709,-4.00e-02,4.00e-02,
710,-4.00e-02,4.00e-02,
711,-4.00e-02,4.00e-02,
712,-4.00e-02,4.00e-02,
713,-4.00e-02,4.00e-02,
714,-4.00e-02,4.00e-02,
715,-4.00e-02,4.00e-02,
716,-4.00e-02,4.00e-02,
717,-4.00e-02,4.00e-02,
718,-4.00e-02,4.00e-02,
719,-4.00e-02,4.00e-02,
720,-4.00e-02,4.00e-02,
721,-4.00e-02,4.00e-02,
722,-4.00e-02,4.00e-02,
723,-4.00e-02,4.00e-02,
724,-4.00e-02,4.00e-02,
725,-4.00e-02,4.00e-02,
726,-4.00e-02,4.00e-02,
727,-4.00e-02,4.00e-02,
728,-4.00e-02,4.00e-02,
729,-4.00e-02,4.00e-02,
730,-4.00e-02,4.00e-02,
731,-4.00e-02,4.00e-02,
732,-4.00e-02,4.00e-02,
733,-4.00e-02,4.00e-02,
734,-4.00e-02,4.00e-02,
735,-4.00e-02,4.00e-02,
736,-4.00e-02,4.00e-02,
737,-4.00e-02,4.00e-02,
738,-4.00e-02,4.00e-02,
739,-4.00e-02,4.00e-02,
740,0.00e+00,4.00e-02,
741,-4.00e-02,4.00e-02,
742,-4.00e-02,4.00e-02,
743,-4.00e-02,4.00e-02,
744,-4.00e-02,4.00e-02,
745,-4.00e-02,4.00e-02,
746,-4.00e-02,4.00e-02,
747,-4.00e-02,4.00e-02,
748,-4.00e-02,4.00e-02,
749,-4.00e-02,4.00e-02,
750,-4.00e-02,4.00e-02,
751,-4.00e-02,4.00e-02,
752,-4.00e-02,4.00e-02,
753,-4.00e-02,4.00e-02,
754,-4.00e-02,4.00e-02,
755,-4.00e-02,4.00e-02,
756,-4.00e-02,4.00e-02,
757,-4.00e-02,4.00e-02,
758,-4.00e-02,4.00e-02,
759,-4.00e-02,4.00e-02,
760,-4.00e-02,4.00e-02,
761,-4.00e-02,4.00e-02,
762,-4.00e-02,4.00e-02,
763,-4.00e-02,4.00e-02,
764,-4.00e-02,4.00e-02,
765,-4.00e-02,4.00e-02,
766,-4.00e-02,4.00e-02,
767,-4.00e-02,4.00e-02,
768,-4.00e-02,4.00e-02,
769,-4.00e-02,4.00e-02,
770,-4.00e-02,4.00e-02,
771,-4.00e-02,4.00e-02,
772,-4.00e-02,4.00e-02,
773,-4.00e-02,4.00e-02,
774,-4.00e-02,4.00e-02,
775,-4.00e-02,4.00e-02,
776,-4.00e-02,4.00e-02,
777,-4.00e-02,4.00e-02,
778,-4.00e-02,4.00e-02,
779,-4.00e-02,4.00e-02,
780,-4.00e-02,4.00e-02,
781,-4.00e-02,4.00e-02,
782,-4.00e-02,4.00e-02,
783,-4.00e-02,4.00e-02,
784,-4.00e-02,4.00e-02,
785,-4.00e-02,4.00e-02,
786,-4.00e-02,4.00e-02,
787,-4.00e-02,4.00e-02,
788,-4.00e-02,4.00e-02,
789,-4.00e-02,4.00e-02,
790,-4.00e-02,4.00e-02,
791,-4.00e-02,4.00e-02,
792,-4.00e-02,4.00e-02,
793,-4.00e-02,4.00e-02,
794,-4.00e-02,4.00e-02,
795,-4.00e-02,4.00e-02,
796,0.00e+00,4.00e-02,
797,-4.00e-02,4.00e-02,
798,-4.00e-02,4.00e-02,
799,-4.00e-02,4.00e-02,
800,-4.00e-02,4.00e-02,
801,-4.00e-02,4.00e-02,
802,-4.00e-02,4.00e-02,
803,-4.00e-02,4.00e-02,
804,0.00e+00,4.00e-02,
805,-4.00e-02,4.00e-02,
806,-4.00e-02,4.00e-02,
807,-4.00e-02,4.00e-02,
808,-4.00e-02,4.00e-02,
809,-4.00e-02,4.00e-02,
810,-4.00e-02,4.00e-02,
811,-4.00e-02,4.00e-02,
812,-4.00e-02,4.00e-02,
813,-4.00e-02,4.00e-02,
814,-4.00e-02,4.00e-02,
815,-4.00e-02,4.00e-02,
816,-4.00e-02,4.00e-02,
817,-4.00e-02,-4.00e-02,
818,-4.00e-02,4.00e-02,
819,-4.00e-02,4.00e-02,
820,-4.00e-02,4.00e-02,
821,-4.00e-02,4.00e-02,
822,-4.00e-02,4.00e-02,
823,-4.00e-02,4.00e-02,
824,-4.00e-02,4.00e-02,
825,-4.00e-02,4.00e-02,
826,-4.00e-02,4.00e-02,
827,-4.00e-02,4.00e-02,
828,-4.00e-02,4.00e-02,
829,-4.00e-02,4.00e-02,
830,-4.00e-02,4.00e-02,
831,-4.00e-02,4.00e-02,
832,-4.00e-02,4.00e-02,
833,-4.00e-02,4.00e-02,
834,-4.00e-02,4.00e-02,
835,-4.00e-02,4.00e-02,
836,-4.00e-02,4.00e-02,
837,-4.00e-02,4.00e-02,
838,-4.00e-02,4.00e-02,
839,-4.00e-02,4.00e-02,
840,-4.00e-02,4.00e-02,
841,-4.00e-02,4.00e-02,
842,-4.00e-02,4.00e-02,
843,-4.00e-02,4.00e-02,
844,-4.00e-02,4.00e-02,
845,-4.00e-02,4.00e-02,
846,-4.00e-02,4.00e-02,
847,-4.00e-02,4.00e-02,
848,-4.00e-02,4.00e-02,
849,-4.00e-02,4.00e-02,
850,-4.00e-02,4.00e-02,
851,-4.00e-02,4.00e-02,
852,-4.00e-02,4.00e-02,
853,-4.00e-02,4.00e-02,
854,-4.00e-02,4.00e-02,
855,-4.00e-02,4.00e-02,
856,-4.00e-02,4.00e-02,
857,-4.00e-02,4.00e-02,
858,-4.00e-02,4.00e-02,
859,-4.00e-02,4.00e-02,
860,-4.00e-02,4.00e-02,
861,-4.00e-02,4.00e-02,
862,-4.00e-02,4.00e-02,
863,-4.00e-02,4.00e-02,
864,-4.00e-02,4.00e-02,
865,-4.00e-02,4.00e-02,
866,-4.00e-02,4.00e-02,
867,-4.00e-02,4.00e-02,
868,-4.00e-02,4.00e-02,
869,-4.00e-02,4.00e-02,
870,-4.00e-02,4.00e-02,
871,-4.00e-02,4.00e-02,
872,-4.00e-02,4.00e-02,
873,-4.00e-02,4.00e-02,
874,-4.00e-02,4.00e-02,
875,-4.00e-02,4.00e-02,
876,-4.00e-02,4.00e-02,
877,-4.00e-02,4.00e-02,
878,-4.00e-02,4.00e-02,
879,-4.00e-02,4.00e-02,
880,-4.00e-02,4.00e-02,
881,-4.00e-02,4.00e-02,
882,-4.00e-02,4.00e-02,
883,-4.00e-02,4.00e-02,
884,-4.00e-02,4.00e-02,
885,-4.00e-02,4.00e-02,
886,-4.00e-02,4.00e-02,
887,-4.00e-02,4.00e-02,
888,-4.00e-02,4.00e-02,
889,-4.00e-02,4.00e-02,
890,-4.00e-02,4.00e-02,
891,-4.00e-02,4.00e-02,
892,-4.00e-02,4.00e-02,
893,-4.00e-02,4.00e-02,
894,-4.00e-02,4.00e-02,
895,-4.00e-02,4.00e-02,
896,0.00e+00,4.00e-02,
897,-4.00e-02,4.00e-02,
898,-4.00e-02,4.00e-02,
899,-4.00e-02,4.00e-02,
900,-4.00e-02,4.00e-02,
901,-4.00e-02,4.00e-02,
902,-4.00e-02,4.00e-02,
903,-4.00e-02,4.00e-02,
904,-4.00e-02,4.00e-02,
905,-4.00e-02,4.00e-02,
906,-4.00e-02,4.00e-02,
907,-4.00e-02,4.00e-02,
908,-4.00e-02,4.00e-02,
909,-4.00e-02,4.00e-02,
910,-4.00e-02,4.00e-02,
911,-4.00e-02,4.00e-02,
912,-4.00e-02,4.00e-02,
913,-4.00e-02,4.00e-02,
914,-4.00e-02,4.00e-02,
915,-4.00e-02,4.00e-02,
916,-4.00e-02,4.00e-02,
917,-4.00e-02,4.00e-02,
918,-4.00e-02,4.00e-02,
919,-4.00e-02,4.00e-02,
920,-4.00e-02,4.00e-02,
921,-4.00e-02,4.00e-02,
922,-4.00e-02,4.00e-02,
923,-4.00e-02,4.00e-02,
924,-4.00e-02,4.00e-02,
925,-4.00e-02,4.00e-02,
926,-4.00e-02,4.00e-02,
927,-4.00e-02,4.00e-02,
928,-4.00e-02,4.00e-02,
929,-4.00e-02,4.00e-02,
930,-4.00e-02,4.00e-02,
931,-4.00e-02,4.00e-02,
932,-4.00e-02,4.00e-02,
933,-4.00e-02,4.00e-02,
934,-4.00e-02,4.00e-02,
935,-4.00e-02,4.00e-02,
936,-4.00e-02,4.00e-02,
937,-4.00e-02,4.00e-02,
938,-4.00e-02,4.00e-02,
939,-4.00e-02,4.00e-02,
940,-4.00e-02,4.00e-02,
941,-4.00e-02,4.00e-02,
942,-4.00e-02,4.00e-02,
943,-4.00e-02,4.00e-02,
944,-4.00e-02,4.00e-02,
945,-4.00e-02,4.00e-02,
946,-4.00e-02,4.00e-02,
947,-4.00e-02,4.00e-02,
948,-4.00e-02,4.00e-02,
949,-4.00e-02,4.00e-02,
950,-4.00e-02,-4.00e-02,
951,-4.00e-02,4.00e-02,
952,-4.00e-02,4.00e-02,
953,-4.00e-02,4.00e-02,
954,-4.00e-02,4.00e-02,
955,-4.00e-02,4.00e-02,
956,0.00e+00,4.00e-02,
957,-4.00e-02,4.00e-02,
958,-4.00e-02,4.00e-02,
959,-4.00e-02,4.00e-02,
960,-4.00e-02,4.00e-02,
961,-4.00e-02,4.00e-02,
962,-4.00e-02,4.00e-02,
963,-4.00e-02,4.00e-02,
964,-4.00e-02,4.00e-02,
965,-4.00e-02,4.00e-02,
966,-4.00e-02,4.00e-02,
967,-4.00e-02,4.00e-02,
968,-4.00e-02,4.00e-02,
969,-4.00e-02,4.00e-02,
970,-4.00e-02,4.00e-02,
971,-4.00e-02,4.00e-02,
972,-4.00e-02,4.00e-02,
973,-4.00e-02,4.00e-02,
974,-4.00e-02,4.00e-02,
975,-4.00e-02,4.00e-02,
976,-4.00e-02,4.00e-02,
977,-4.00e-02,4.00e-02,
978,-4.00e-02,4.00e-02,
979,-4.00e-02,4.00e-02,
980,-4.00e-02,4.00e-02,
981,-4.00e-02,4.00e-02,
982,-4.00e-02,4.00e-02,
983,-4.00e-02,4.00e-02,
984,-4.00e-02,4.00e-02,
985,-4.00e-02,4.00e-02,
986,-4.00e-02,4.00e-02,
987,-4.00e-02,4.00e-02,
988,-4.00e-02,4.00e-02,
989,-4.00e-02,4.00e-02,
990,-4.00e-02,4.00e-02,
991,-4.00e-02,4.00e-02,
992,-4.00e-02,4.00e-02,
993,-4.00e-02,4.00e-02,
994,-4.00e-02,4.00e-02,
995,-4.00e-02,4.00e-02,
996,-4.00e-02,4.00e-02,
997,-4.00e-02,4.00e-02,
998,-4.00e-02,4.00e-02,
999,-4.00e-02,4.00e-02,
1000,-4.00e-02,4.00e-02,
1001,-4.00e-02,4.00e-02,
1002,-4.00e-02,4.00e-02,
1003,-4.00e-02,4.00e-02,
1004,-4.00e-02,4.00e-02,
1005,-4.00e-02,4.00e-02,
1006,-4.00e-02,4.00e-02,
1007,-4.00e-02,4.00e-02,
1008,-4.00e-02,4.00e-02,
1009,-4.00e-02,4.00e-02,
1010,-4.00e-02,4.00e-02,
1011,-4.00e-02,4.00e-02,
1012,0.00e+00,4.00e-02,
1013,-4.00e-02,4.00e-02,
1014,-4.00e-02,4.00e-02,
1015,-4.00e-02,4.00e-02,
1016,-4.00e-02,4.00e-02,
1017,-4.00e-02,4.00e-02,
1018,-4.00e-02,4.00e-02,
1019,-4.00e-02,4.00e-02,
1020,-4.00e-02,4.00e-02,
1021,-4.00e-02,4.00e-02,
1022,-4.00e-02,4.00e-02,
1023,-4.00e-02,4.00e-02,
1024,-4.00e-02,4.00e-02,
1025,-4.00e-02,4.00e-02,
1026,-4.00e-02,4.00e-02,
1027,-4.00e-02,4.00e-02,
1028,-4.00e-02,4.00e-02,
1029,-4.00e-02,4.00e-02,
1030,-4.00e-02,4.00e-02,
1031,-4.00e-02,4.00e-02,
1032,-4.00e-02,4.00e-02,
1033,-4.00e-02,4.00e-02,
1034,-4.00e-02,4.00e-02,
1035,-4.00e-02,4.00e-02,
1036,-4.00e-02,4.00e-02,
1037,-4.00e-02,4.00e-02,
1038,-4.00e-02,4.00e-02,
1039,-4.00e-02,4.00e-02,
1040,-4.00e-02,4.00e-02,
1041,-4.00e-02,4.00e-02,
1042,-4.00e-02,4.00e-02,
1043,-4.00e-02,4.00e-02,
1044,-4.00e-02,4.00e-02,
1045,-4.00e-02,4.00e-02,
1046,-4.00e-02,4.00e-02,
1047,-4.00e-02,4.00e-02,
1048,-4.00e-02,4.00e-02,
1049,-4.00e-02,4.00e-02,
1050,-4.00e-02,4.00e-02,
1051,-4.00e-02,4.00e-02,
1052,-4.00e-02,4.00e-02,
1053,-4.00e-02,4.00e-02,
1054,-4.00e-02,4.00e-02,
1055,-4.00e-02,4.00e-02,
1056,-4.00e-02,4.00e-02,
1057,-4.00e-02,4.00e-02,
1058,-4.00e-02,4.00e-02,
1059,-4.00e-02,4.00e-02,
1060,-4.00e-02,4.00e-02,
1061,-4.00e-02,4.00e-02,
1062,-4.00e-02,4.00e-02,
1063,-4.00e-02,4.00e-02,
1064,-4.00e-02,4.00e-02,
1065,-4.00e-02,4.00e-02,
1066,-4.00e-02,4.00e-02,
1067,-4.00e-02,4.00e-02,
1068,-4.00e-02,4.00e-02,
1069,-4.00e-02,4.00e-02,
1070,-4.00e-02,4.00e-02,
1071,-4.00e-02,4.00e-02,
1072,-4.00e-02,4.00e-02,
1073,-4.00e-02,4.00e-02,
1074,-4.00e-02,4.00e-02,
1075,-4.00e-02,4.00e-02,
1076,-4.00e-02,4.00e-02,
1077,-4.00e-02,4.00e-02,
1078,-4.00e-02,4.00e-02,
1079,-4.00e-02,4.00e-02,
1080,-4.00e-02,4.00e-02,
1081,-4.00e-02,4.00e-02,
1082,-4.00e-02,4.00e-02,
1083,-4.00e-02,4.00e-02,
1084,-4.00e-02,4.00e-02,
1085,-4.00e-02,4.00e-02,
1086,-4.00e-02,4.00e-02,
1087,-4.00e-02,-3.60e-01,
1088,-4.00e-02,-1.96e+00,
1089,-4.00e-02,-2.84e+00,
1090,-4.00e-02,-2.84e+00,
1091,-4.00e-02,-2.84e+00,
1092,-4.00e-02,-2.92e+00,
1093,-4.00e-02,-2.92e+00,
1094,-4.00e-02,-2.92e+00,
1095,-4.00e-02,-2.92e+00,
1096,-4.00e-02,-2.92e+00,
1097,-4.00e-02,-2.92e+00,
1098,-4.00e-02,-2.92e+00,
1099,-4.00e-02,-2.92e+00,
1100,-4.00e-02,-2.92e+00,
1101,-4.00e-02,-2.92e+00,
1102,-4.00e-02,-2.92e+00,
1103,-4.00e-02,-2.92e+00,
1104,-4.00e-02,-2.92e+00,
1105,-4.00e-02,-2.92e+00,
1106,-4.00e-02,-2.92e+00,
1107,-4.00e-02,-2.92e+00,
1108,-4.00e-02,-2.92e+00,
1109,-4.00e-02,-2.92e+00,
1110,-4.00e-02,-2.92e+00,
1111,-4.00e-02,-2.92e+00,
1112,-4.00e-02,-2.92e+00,
1113,-4.00e-02,-3.00e+00,
1114,-4.00e-02,-2.92e+00,
1115,-4.00e-02,-2.92e+00,
1116,-4.00e-02,-2.92e+00,
1117,-4.00e-02,-2.92e+00,
1118,-4.00e-02,-2.92e+00,
1119,-4.00e-02,-2.92e+00,
1120,-4.00e-02,-2.92e+00,
1121,-4.00e-02,-2.92e+00,
1122,-4.00e-02,-2.92e+00,
1123,-4.00e-02,-2.92e+00,
1124,-4.00e-02,-2.92e+00,
1125,-4.00e-02,-2.92e+00,
1126,-4.00e-02,-2.92e+00,
1127,-4.00e-02,-2.92e+00,
1128,0.00e+00,-2.92e+00,
1129,-4.00e-02,-3.00e+00,
1130,-4.00e-02,-2.92e+00,
1131,-4.00e-02,-2.92e+00,
1132,-4.00e-02,-2.92e+00,
1133,-4.00e-02,-2.92e+00,
1134,-4.00e-02,-2.92e+00,
1135,-4.00e-02,-2.92e+00,
1136,-4.00e-02,-2.92e+00,
1137,-4.00e-02,-3.00e+00,
1138,-4.00e-02,-2.92e+00,
1139,-4.00e-02,-2.92e+00,
1140,-4.00e-02,-2.92e+00,
1141,-4.00e-02,-2.92e+00,
1142,-4.00e-02,-2.92e+00,
1143,-4.00e-02,-2.92e+00,
1144,-4.00e-02,-2.92e+00,
1145,-4.00e-02,-3.00e+00,
1146,-4.00e-02,-3.00e+00,
1147,-4.00e-02,-2.92e+00,
1148,-4.00e-02,-2.92e+00,
1149,-4.00e-02,-3.00e+00,
1150,-4.00e-02,-2.92e+00,
1151,-4.00e-02,-2.92e+00,
1152,-4.00e-02,-2.92e+00,
1153,-4.00e-02,-2.92e+00,
1154,-4.00e-02,-2.92e+00,
1155,-4.00e-02,-2.92e+00,
1156,-4.00e-02,-2.92e+00,
1157,-4.00e-02,-2.92e+00,
1158,-4.00e-02,-2.92e+00,
1159,-4.00e-02,-3.00e+00,
1160,-4.00e-02,-2.92e+00,
1161,-4.00e-02,-3.00e+00,
1162,-4.00e-02,-2.92e+00,
1163,-4.00e-02,-2.92e+00,
1164,-4.00e-02,-2.92e+00,
1165,-4.00e-02,-3.00e+00,
1166,-4.00e-02,-2.92e+00,
1167,-4.00e-02,-2.92e+00,
1168,-4.00e-02,-2.92e+00,
1169,-4.00e-02,-3.00e+00,
1170,-4.00e-02,-2.92e+00,
1171,-4.00e-02,-2.92e+00,
1172,-4.00e-02,-3.00e+00,
1173,-4.00e-02,-2.92e+00,
1174,-4.00e-02,-2.92e+00,
1175,-4.00e-02,-3.00e+00,
1176,-4.00e-02,-3.00e+00,
1177,-4.00e-02,-2.92e+00,
1178,-4.00e-02,-2.92e+00,
1179,-4.00e-02,-2.92e+00,
1180,-4.00e-02,-2.92e+00,
1181,-4.00e-02,-2.92e+00,
1182,-4.00e-02,-2.92e+00,
1183,-4.00e-02,-2.92e+00,
1184,-4.00e-02,-3.00e+00,
1185,-4.00e-02,-3.00e+00,
1186,-4.00e-02,-2.92e+00,
1187,-4.00e-02,-2.92e+00,
1188,-4.00e-02,-2.92e+00,
1189,-4.00e-02,-3.00e+00,
1190,-4.00e-02,-2.92e+00,
1191,-4.00e-02,-2.92e+00,
1192,-4.00e-02,-2.92e+00,
1193,-4.00e-02,-2.92e+00,
1194,-4.00e-02,-2.92e+00,
1195,-4.00e-02,-2.92e+00,
1196,-4.00e-02,-3.00e+00,
1197,-4.00e-02,-2.92e+00,
1198,-4.00e-02,-2.92e+00,
1199,-4.00e-02,-3.00e+00,
1200,-4.00e-02,-2.92e+00,
1201,-4.00e-02,-3.00e+00,
1202,-4.00e-02,-2.92e+00,
1203,-4.00e-02,-2.92e+00,
1204,-4.00e-02,-2.92e+00,
1205,-4.00e-02,-2.92e+00,
1206,-4.00e-02,-2.92e+00,
1207,-4.00e-02,-2.92e+00,
1208,-4.00e-02,-2.92e+00,
1209,-4.00e-02,-3.00e+00,
1210,-4.00e-02,-2.92e+00,
1211,-4.00e-02,-2.92e+00,
1212,-4.00e-02,-3.00e+00,
1213,-4.00e-02,-2.92e+00,
1214,-4.00e-02,-2.92e+00,
1215,-4.00e-02,-2.92e+00,
1216,-4.00e-02,-3.00e+00,
1217,-4.00e-02,-3.00e+00,
1218,-4.00e-02,-2.92e+00,
1219,-4.00e-02,-2.92e+00,
1220,-4.00e-02,-3.00e+00,
1221,-4.00e-02,-2.92e+00,
1222,-4.00e-02,-3.00e+00,
1223,-4.00e-02,-2.92e+00,
1224,0.00e+00,-2.92e+00,
1225,-4.00e-02,-3.00e+00,
1226,-4.00e-02,-2.92e+00,
1227,-4.00e-02,-3.00e+00,
1228,0.00e+00,-2.92e+00,
1229,-4.00e-02,-3.00e+00,
1230,-4.00e-02,-3.00e+00,
1231,-4.00e-02,-2.92e+00,
1232,-4.00e-02,-3.00e+00,
1233,-4.00e-02,-3.00e+00,
1234,-4.00e-02,-2.92e+00,
1235,-4.00e-02,-2.92e+00,
1236,-4.00e-02,-2.92e+00,
1237,-4.00e-02,-2.92e+00,
1238,-4.00e-02,-2.92e+00,
1239,-4.00e-02,-2.92e+00,
1240,-4.00e-02,-2.92e+00,
1241,-4.00e-02,-2.92e+00,
1242,-4.00e-02,-2.92e+00,
1243,-4.00e-02,-2.92e+00,
1244,-4.00e-02,-2.92e+00,
1245,-4.00e-02,-3.00e+00,
1246,-4.00e-02,-2.92e+00,
1247,-4.00e-02,-3.00e+00,
1248,0.00e+00,-2.92e+00,
1249,-4.00e-02,-3.00e+00,
1250,-4.00e-02,-2.92e+00,
1251,-4.00e-02,-2.92e+00,
1252,-4.00e-02,-3.00e+00,
1253,-4.00e-02,-2.92e+00,
1254,-4.00e-02,-2.92e+00,
1255,-4.00e-02,-2.92e+00,
1256,-4.00e-02,-2.92e+00,
1257,-4.00e-02,-3.00e+00,
1258,-4.00e-02,-2.92e+00,
1259,-4.00e-02,-2.92e+00,
1260,-4.00e-02,-2.92e+00,
1261,-4.00e-02,-2.92e+00,
1262,-4.00e-02,-2.92e+00,
1263,-4.00e-02,-2.92e+00,
1264,-4.00e-02,-3.00e+00,
1265,-4.00e-02,-3.00e+00,
1266,-4.00e-02,-2.92e+00,
1267,-4.00e-02,-2.92e+00,
1268,-4.00e-02,-2.92e+00,
1269,-4.00e-02,-3.00e+00,
1270,-4.00e-02,-2.92e+00,
1271,-4.00e-02,-2.92e+00,
1272,-4.00e-02,-3.00e+00,
1273,-4.00e-02,-3.00e+00,
1274,-4.00e-02,-2.92e+00,
1275,-4.00e-02,-2.92e+00,
1276,-4.00e-02,-3.00e+00,
1277,-4.00e-02,-3.00e+00,
1278,-4.00e-02,-2.92e+00,
1279,-4.00e-02,-2.92e+00,
1280,-4.00e-02,-2.92e+00,
1281,-4.00e-02,-3.00e+00,
1282,-4.00e-02,-3.00e+00,
1283,-4.00e-02,-2.92e+00,
1284,-4.00e-02,-2.92e+00,
1285,-4.00e-02,-3.00e+00,
1286,-4.00e-02,-2.92e+00,
1287,-4.00e-02,-2.44e+00,
1288,-4.00e-02,-1.00e+00,
1289,-4.00e-02,-1.20e-01,
1290,-4.00e-02,-4.00e-02,
1291,-4.00e-02,-4.00e-02,
1292,-4.00e-02,-4.00e-02,
1293,-4.00e-02,-4.00e-02,
1294,-4.00e-02,-4.00e-02,
1295,-4.00e-02,4.00e-02,
1296,-4.00e-02,-4.00e-02,
1297,-4.00e-02,-4.00e-02,
1298,-4.00e-02,-4.00e-02,
1299,-4.00e-02,-4.00e-02,
1300,-4.00e-02,-4.00e-02,
1301,-4.00e-02,-4.00e-02,
1302,-4.00e-02,-4.00e-02,
1303,-4.00e-02,4.00e-02,
1304,-4.00e-02,4.00e-02,
1305,-4.00e-02,-4.00e-02,
1306,-4.00e-02,4.00e-02,
1307,-4.00e-02,4.00e-02,
1308,0.00e+00,4.00e-02,
1309,-4.00e-02,4.00e-02,
1310,-4.00e-02,4.00e-02,
1311,-4.00e-02,4.00e-02,
1312,-4.00e-02,4.00e-02,
1313,-4.00e-02,4.00e-02,
1314,-4.00e-02,4.00e-02,
1315,-4.00e-02,4.00e-02,
1316,-4.00e-02,-4.00e-02,
1317,-4.00e-02,-4.00e-02,
1318,-4.00e-02,4.00e-02,
1319,-4.00e-02,4.00e-02,
1320,-4.00e-02,-4.00e-02,
1321,-4.00e-02,4.00e-02,
1322,-4.00e-02,4.00e-02,
1323,-4.00e-02,4.00e-02,
1324,-4.00e-02,4.00e-02,
1325,-4.00e-02,4.00e-02,
1326,-4.00e-02,4.00e-02,
1327,-4.00e-02,4.00e-02,
1328,-4.00e-02,4.00e-02,
1329,-4.00e-02,4.00e-02,
1330,-4.00e-02,4.00e-02,
1331,-4.00e-02,4.00e-02,
1332,-4.00e-02,4.00e-02,
1333,-4.00e-02,4.00e-02,
1334,-4.00e-02,4.00e-02,
1335,-4.00e-02,4.00e-02,
1336,-4.00e-02,4.00e-02,
1337,-4.00e-02,-4.00e-02,
1338,-4.00e-02,4.00e-02,
1339,-4.00e-02,4.00e-02,
1340,0.00e+00,4.00e-02,
1341,-4.00e-02,4.00e-02,
1342,-4.00e-02,4.00e-02,
1343,-4.00e-02,4.00e-02,
1344,-4.00e-02,4.00e-02,
1345,-4.00e-02,4.00e-02,
1346,-4.00e-02,4.00e-02,
1347,-4.00e-02,4.00e-02,
1348,-4.00e-02,4.00e-02,
1349,-4.00e-02,4.00e-02,
1350,-4.00e-02,4.00e-02,
1351,-4.00e-02,4.00e-02,
1352,-4.00e-02,4.00e-02,
1353,-4.00e-02,4.00e-02,
1354,-4.00e-02,4.00e-02,
1355,-4.00e-02,4.00e-02,
1356,-4.00e-02,4.00e-02,
1357,-4.00e-02,4.00e-02,
1358,-4.00e-02,4.00e-02,
1359,-4.00e-02,4.00e-02,
1360,-4.00e-02,4.00e-02,
1361,-4.00e-02,4.00e-02,
1362,-4.00e-02,4.00e-02,
1363,-4.00e-02,4.00e-02,
1364,-4.00e-02,4.00e-02,
1365,-4.00e-02,4.00e-02,
1366,-4.00e-02,4.00e-02,
1367,-4.00e-02,4.00e-02,
1368,-4.00e-02,4.00e-02,
1369,-4.00e-02,4.00e-02,
1370,-4.00e-02,4.00e-02,
1371,-4.00e-02,4.00e-02,
1372,-4.00e-02,4.00e-02,
1373,-4.00e-02,4.00e-02,
1374,-4.00e-02,4.00e-02,
1375,-4.00e-02,4.00e-02,
1376,-4.00e-02,4.00e-02,
1377,-4.00e-02,4.00e-02,
1378,-4.00e-02,4.00e-02,
1379,-4.00e-02,4.00e-02,
1380,-4.00e-02,4.00e-02,
1381,-4.00e-02,4.00e-02,
1382,-4.00e-02,4.00e-02,
1383,-4.00e-02,4.00e-02,
1384,-4.00e-02,4.00e-02,
1385,-4.00e-02,-4.00e-02,
1386,-4.00e-02,4.00e-02,
1387,-4.00e-02,4.00e-02,
1388,-4.00e-02,4.00e-02,
1389,-4.00e-02,4.00e-02,
1390,-4.00e-02,4.00e-02,
1391,-4.00e-02,4.00e-02,
1392,-4.00e-02,4.00e-02,
1393,-4.00e-02,4.00e-02,
1394,-4.00e-02,4.00e-02,
1395,-4.00e-02,4.00e-02,
1396,-4.00e-02,4.00e-02,
1397,-4.00e-02,4.00e-02,
1398,-4.00e-02,4.00e-02,
1399,-4.00e-02,4.00e-02,
1400,-4.00e-02,4.00e-02,
1401,-4.00e-02,4.00e-02,
1402,-4.00e-02,4.00e-02,
1403,-4.00e-02,4.00e-02,
1404,-4.00e-02,4.00e-02,
1405,-4.00e-02,4.00e-02,
1406,-4.00e-02,4.00e-02,
1407,-4.00e-02,4.00e-02,
1408,-4.00e-02,4.00e-02,
1409,-4.00e-02,4.00e-02,
1410,-4.00e-02,4.00e-02,
1411,-4.00e-02,4.00e-02,
1412,-4.00e-02,4.00e-02,
1413,-4.00e-02,4.00e-02,
1414,-4.00e-02,4.00e-02,
1415,-4.00e-02,4.00e-02,
1416,-4.00e-02,4.00e-02,
1417,-4.00e-02,4.00e-02,
1418,-4.00e-02,4.00e-02,
1419,-4.00e-02,4.00e-02,
1420,-4.00e-02,4.00e-02,
1421,-4.00e-02,4.00e-02,
1422,-4.00e-02,4.00e-02,
1423,-4.00e-02,4.00e-02,
1424,-4.00e-02,4.00e-02,
1425,-4.00e-02,4.00e-02,
1426,-4.00e-02,4.00e-02,
1427,-4.00e-02,4.00e-02,
1428,-4.00e-02,4.00e-02,
1429,-4.00e-02,4.00e-02,
1430,-4.00e-02,4.00e-02,
1431,-4.00e-02,4.00e-02,
1432,-4.00e-02,4.00e-02,
1433,-4.00e-02,4.00e-02,
1434,-4.00e-02,4.00e-02,
1435,-4.00e-02,4.00e-02,
1436,-4.00e-02,4.00e-02,
1437,-4.00e-02,4.00e-02,
1438,-4.00e-02,4.00e-02,
1439,-4.00e-02,4.00e-02,
1440,-4.00e-02,4.00e-02,
1441,-4.00e-02,4.00e-02,
1442,-4.00e-02,4.00e-02,
1443,-4.00e-02,4.00e-02,
1444,-4.00e-02,4.00e-02,
1445,-4.00e-02,4.00e-02,
1446,-4.00e-02,4.00e-02,
1447,-4.00e-02,4.00e-02,
1448,-4.00e-02,4.00e-02,
1449,-4.00e-02,4.00e-02,
1450,-4.00e-02,4.00e-02,
1451,-4.00e-02,4.00e-02,
1452,-4.00e-02,4.00e-02,
1453,-4.00e-02,4.00e-02,
1454,-4.00e-02,4.00e-02,
1455,-4.00e-02,4.00e-02,
1456,-4.00e-02,4.00e-02,
1457,-4.00e-02,4.00e-02,
1458,-4.00e-02,4.00e-02,
1459,-4.00e-02,4.00e-02,
1460,-4.00e-02,4.00e-02,
1461,-4.00e-02,4.00e-02,
1462,-4.00e-02,4.00e-02,
1463,-4.00e-02,4.00e-02,
1464,-4.00e-02,4.00e-02,
1465,-4.00e-02,4.00e-02,
1466,-4.00e-02,4.00e-02,
1467,-4.00e-02,4.00e-02,
1468,-4.00e-02,4.00e-02,
1469,-4.00e-02,4.00e-02,
1470,-4.00e-02,4.00e-02,
1471,-4.00e-02,4.00e-02,
1472,-4.00e-02,4.00e-02,
1473,-4.00e-02,4.00e-02,
1474,-4.00e-02,4.00e-02,
1475,-4.00e-02,4.00e-02,
1476,-4.00e-02,4.00e-02,
1477,-4.00e-02,4.00e-02,
1478,-4.00e-02,4.00e-02,
1479,-4.00e-02,4.00e-02,
1480,-4.00e-02,4.00e-02,
1481,-4.00e-02,4.00e-02,
1482,-4.00e-02,4.00e-02,
1483,-4.00e-02,4.00e-02,
1484,-4.00e-02,4.00e-02,
1485,-4.00e-02,4.00e-02,
1486,-4.00e-02,4.00e-02,
1487,-4.00e-02,4.00e-02,
1488,-4.00e-02,4.00e-02,
1489,-4.00e-02,4.00e-02,
1490,-4.00e-02,4.00e-02,
1491,-4.00e-02,4.00e-02,
1492,-4.00e-02,4.00e-02,
1493,-4.00e-02,4.00e-02,
1494,-4.00e-02,4.00e-02,
1495,-4.00e-02,4.00e-02,
1496,-4.00e-02,4.00e-02,
1497,-4.00e-02,4.00e-02,
1498,-4.00e-02,4.00e-02,
1499,-4.00e-02,4.00e-02,
1500,-4.00e-02,4.00e-02,
1501,-4.00e-02,4.00e-02,
1502,-4.00e-02,4.00e-02,
1503,-4.00e-02,4.00e-02,
1504,-4.00e-02,4.00e-02,
1505,-4.00e-02,4.00e-02,
1506,-4.00e-02,4.00e-02,
1507,-4.00e-02,4.00e-02,
1508,-4.00e-02,4.00e-02,
1509,-4.00e-02,4.00e-02,
1510,-4.00e-02,4.00e-02,
1511,-4.00e-02,4.00e-02,
1512,-4.00e-02,4.00e-02,
1513,-4.00e-02,4.00e-02,
1514,-4.00e-02,4.00e-02,
1515,-4.00e-02,4.00e-02,
1516,-4.00e-02,4.00e-02,
1517,-4.00e-02,4.00e-02,
1518,-4.00e-02,4.00e-02,
1519,-4.00e-02,4.00e-02,
1520,-4.00e-02,4.00e-02,
1521,-4.00e-02,4.00e-02,
1522,-4.00e-02,4.00e-02,
1523,-4.00e-02,4.00e-02,
1524,-4.00e-02,4.00e-02,
1525,-4.00e-02,4.00e-02,
1526,-4.00e-02,4.00e-02,
1527,-4.00e-02,4.00e-02,
1528,-4.00e-02,4.00e-02,
1529,-4.00e-02,4.00e-02,
1530,-4.00e-02,4.00e-02,
1531,-4.00e-02,4.00e-02,
1532,-4.00e-02,4.00e-02,
1533,-4.00e-02,4.00e-02,
1534,-4.00e-02,4.00e-02,
1535,-4.00e-02,4.00e-02,
1536,-4.00e-02,4.00e-02,
1537,-4.00e-02,4.00e-02,
1538,-4.00e-02,4.00e-02,
1539,-4.00e-02,4.00e-02,
1540,-4.00e-02,4.00e-02,
1541,-4.00e-02,4.00e-02,
1542,-4.00e-02,4.00e-02,
1543,-4.00e-02,4.00e-02,
1544,-4.00e-02,4.00e-02,
1545,-4.00e-02,4.00e-02,
1546,-4.00e-02,4.00e-02,
1547,-4.00e-02,4.00e-02,
1548,-4.00e-02,4.00e-02,
1549,-4.00e-02,4.00e-02,
1550,-4.00e-02,4.00e-02,
1551,-4.00e-02,4.00e-02,
1552,-4.00e-02,4.00e-02,
1553,-4.00e-02,4.00e-02,
1554,-4.00e-02,4.00e-02,
1555,-4.00e-02,4.00e-02,
1556,-4.00e-02,4.00e-02,
1557,-4.00e-02,4.00e-02,
1558,-4.00e-02,4.00e-02,
1559,-4.00e-02,4.00e-02,
1560,-4.00e-02,4.00e-02,
1561,-4.00e-02,4.00e-02,
1562,-4.00e-02,4.00e-02,
1563,-4.00e-02,4.00e-02,
1564,-4.00e-02,4.00e-02,
1565,-4.00e-02,4.00e-02,
1566,-4.00e-02,4.00e-02,
1567,-4.00e-02,4.00e-02,
1568,-4.00e-02,4.00e-02,
1569,-4.00e-02,4.00e-02,
1570,-4.00e-02,4.00e-02,
1571,-4.00e-02,4.00e-02,
1572,-4.00e-02,4.00e-02,
1573,-4.00e-02,4.00e-02,
1574,-4.00e-02,4.00e-02,
1575,-4.00e-02,4.00e-02,
1576,-4.00e-02,4.00e-02,
1577,-4.00e-02,4.00e-02,
1578,-4.00e-02,4.00e-02,
1579,-4.00e-02,4.00e-02,
1580,-4.00e-02,4.00e-02,
1581,-4.00e-02,4.00e-02,
1582,-4.00e-02,4.00e-02,
1583,-4.00e-02,4.00e-02,
1584,-4.00e-02,4.00e-02,
1585,-4.00e-02,4.00e-02,
1586,-4.00e-02,4.00e-02,
1587,-4.00e-02,4.00e-02,
1588,-4.00e-02,4.00e-02,
1589,-4.00e-02,4.00e-02,
1590,-4.00e-02,4.00e-02,
1591,-4.00e-02,4.00e-02,
1592,-4.00e-02,4.00e-02,
1593,-4.00e-02,4.00e-02,
1594,-4.00e-02,4.00e-02,
1595,-4.00e-02,4.00e-02,
1596,-4.00e-02,4.00e-02,
1597,-4.00e-02,4.00e-02,
1598,-4.00e-02,4.00e-02,
1599,-4.00e-02,4.00e-02,
1600,-4.00e-02,4.00e-02,
1601,-4.00e-02,4.00e-02,
1602,-4.00e-02,4.00e-02,
1603,-4.00e-02,4.00e-02,
1604,-4.00e-02,4.00e-02,
1605,-4.00e-02,4.00e-02,
1606,-4.00e-02,4.00e-02,
1607,-4.00e-02,4.00e-02,
1608,-4.00e-02,4.00e-02,
1609,-4.00e-02,4.00e-02,
1610,-4.00e-02,4.00e-02,
1611,-4.00e-02,4.00e-02,
1612,-4.00e-02,4.00e-02,
1613,-4.00e-02,4.00e-02,
1614,-4.00e-02,4.00e-02,
1615,-4.00e-02,4.00e-02,
1616,-4.00e-02,4.00e-02,
1617,-4.00e-02,4.00e-02,
1618,-4.00e-02,4.00e-02,
1619,-4.00e-02,4.00e-02,
1620,-4.00e-02,4.00e-02,
1621,-4.00e-02,4.00e-02,
1622,-4.00e-02,4.00e-02,
1623,-4.00e-02,4.00e-02,
1624,-4.00e-02,4.00e-02,
1625,-4.00e-02,4.00e-02,
1626,-4.00e-02,4.00e-02,
1627,-4.00e-02,4.00e-02,
1628,-4.00e-02,4.00e-02,
1629,-4.00e-02,4.00e-02,
1630,-4.00e-02,4.00e-02,
1631,-4.00e-02,4.00e-02,
1632,-4.00e-02,4.00e-02,
1633,-4.00e-02,4.00e-02,
1634,-4.00e-02,4.00e-02,
1635,-4.00e-02,4.00e-02,
1636,-4.00e-02,4.00e-02,
1637,-4.00e-02,4.00e-02,
1638,-4.00e-02,4.00e-02,
1639,-4.00e-02,4.00e-02,
1640,-4.00e-02,4.00e-02,
1641,-4.00e-02,4.00e-02,
1642,-4.00e-02,4.00e-02,
1643,-4.00e-02,4.00e-02,
1644,-4.00e-02,4.00e-02,
1645,-4.00e-02,4.00e-02,
1646,-4.00e-02,4.00e-02,
1647,-4.00e-02,4.00e-02,
1648,-4.00e-02,4.00e-02,
1649,-4.00e-02,4.00e-02,
1650,-4.00e-02,4.00e-02,
1651,-4.00e-02,4.00e-02,
1652,-4.00e-02,4.00e-02,
1653,-4.00e-02,4.00e-02,
1654,-4.00e-02,4.00e-02,
1655,-4.00e-02,4.00e-02,
1656,-4.00e-02,4.00e-02,
1657,-4.00e-02,4.00e-02,
1658,-4.00e-02,4.00e-02,
1659,-4.00e-02,4.00e-02,
1660,-4.00e-02,4.00e-02,
1661,-4.00e-02,4.00e-02,
1662,-4.00e-02,4.00e-02,
1663,-4.00e-02,4.00e-02,
1664,-4.00e-02,4.00e-02,
1665,-4.00e-02,4.00e-02,
1666,-4.00e-02,4.00e-02,
1667,-4.00e-02,4.00e-02,
1668,-4.00e-02,4.00e-02,
1669,-4.00e-02,4.00e-02,
1670,-4.00e-02,4.00e-02,
1671,-4.00e-02,4.00e-02,
1672,-4.00e-02,4.00e-02,
1673,-4.00e-02,4.00e-02,
1674,-4.00e-02,4.00e-02,
1675,-4.00e-02,4.00e-02,
1676,-4.00e-02,4.00e-02,
1677,-4.00e-02,4.00e-02,
1678,-4.00e-02,4.00e-02,
1679,-4.00e-02,4.00e-02,
1680,-4.00e-02,4.00e-02,
1681,-4.00e-02,4.00e-02,
1682,-4.00e-02,4.00e-02,
1683,-4.00e-02,4.00e-02,
1684,-4.00e-02,4.00e-02,
1685,-4.00e-02,4.00e-02,
1686,-4.00e-02,4.00e-02,
1687,-4.00e-02,4.00e-02,
1688,-4.00e-02,4.00e-02,
1689,-4.00e-02,4.00e-02,
1690,-4.00e-02,4.00e-02,
1691,-4.00e-02,4.00e-02,
1692,-4.00e-02,4.00e-02,
1693,-4.00e-02,4.00e-02,
1694,-4.00e-02,4.00e-02,
1695,-4.00e-02,4.00e-02,
1696,-4.00e-02,4.00e-02,
1697,-4.00e-02,4.00e-02,
1698,-4.00e-02,4.00e-02,
1699,-4.00e-02,4.00e-02,
1700,-4.00e-02,4.00e-02,
1701,-4.00e-02,4.00e-02,
1702,-4.00e-02,4.00e-02,
1703,-4.00e-02,4.00e-02,
1704,-4.00e-02,4.00e-02,
1705,-4.00e-02,4.00e-02,
1706,-4.00e-02,4.00e-02,
1707,-4.00e-02,4.00e-02,
1708,0.00e+00,4.00e-02,
1709,-4.00e-02,4.00e-02,
1710,-4.00e-02,4.00e-02,
1711,-4.00e-02,4.00e-02,
1712,-4.00e-02,4.00e-02,
1713,-4.00e-02,4.00e-02,
1714,-4.00e-02,4.00e-02,
1715,-4.00e-02,4.00e-02,
1716,-4.00e-02,4.00e-02,
1717,-4.00e-02,4.00e-02,
1718,-4.00e-02,4.00e-02,
1719,-4.00e-02,4.00e-02,
1720,-4.00e-02,4.00e-02,
1721,-4.00e-02,4.00e-02,
1722,-4.00e-02,4.00e-02,
1723,-4.00e-02,4.00e-02,
1724,-4.00e-02,4.00e-02,
1725,-4.00e-02,4.00e-02,
1726,-4.00e-02,4.00e-02,
1727,-4.00e-02,4.00e-02,
1728,-4.00e-02,4.00e-02,
1729,-4.00e-02,4.00e-02,
1730,-4.00e-02,4.00e-02,
1731,-4.00e-02,4.00e-02,
1732,-4.00e-02,4.00e-02,
1733,-4.00e-02,4.00e-02,
1734,-4.00e-02,4.00e-02,
1735,-4.00e-02,4.00e-02,
1736,-4.00e-02,4.00e-02,
1737,-4.00e-02,4.00e-02,
1738,-4.00e-02,4.00e-02,
1739,-4.00e-02,4.00e-02,
1740,-4.00e-02,4.00e-02,
1741,-4.00e-02,4.00e-02,
1742,-4.00e-02,4.00e-02,
1743,-4.00e-02,4.00e-02,
1744,-4.00e-02,4.00e-02,
1745,-4.00e-02,4.00e-02,
1746,-4.00e-02,4.00e-02,
1747,-4.00e-02,4.00e-02,
1748,-4.00e-02,4.00e-02,
1749,-4.00e-02,4.00e-02,
1750,-4.00e-02,4.00e-02,
1751,-4.00e-02,4.00e-02,
1752,-4.00e-02,4.00e-02,
1753,-4.00e-02,4.00e-02,
1754,-4.00e-02,4.00e-02,
1755,-4.00e-02,4.00e-02,
1756,-4.00e-02,4.00e-02,
1757,-4.00e-02,4.00e-02,
1758,-4.00e-02,4.00e-02,
1759,-4.00e-02,4.00e-02,
1760,-4.00e-02,4.00e-02,
1761,-4.00e-02,-4.00e-02,
1762,-4.00e-02,4.00e-02,
1763,-4.00e-02,4.00e-02,
1764,-4.00e-02,4.00e-02,
1765,-4.00e-02,4.00e-02,
1766,-4.00e-02,4.00e-02,
1767,-4.00e-02,4.00e-02,
1768,-4.00e-02,4.00e-02,
1769,-4.00e-02,4.00e-02,
1770,-4.00e-02,4.00e-02,
1771,-4.00e-02,4.00e-02,
1772,-4.00e-02,4.00e-02,
1773,-4.00e-02,-4.00e-02,
1774,-4.00e-02,4.00e-02,
1775,-4.00e-02,4.00e-02,
1776,-4.00e-02,4.00e-02,
1777,-4.00e-02,4.00e-02,
1778,-4.00e-02,4.00e-02,
1779,-4.00e-02,4.00e-02,
1780,0.00e+00,4.00e-02,
1781,-4.00e-02,4.00e-02,
1782,-4.00e-02,4.00e-02,
1783,-4.00e-02,4.00e-02,
1784,-4.00e-02,4.00e-02,
1785,-4.00e-02,4.00e-02,
1786,-4.00e-02,4.00e-02,
1787,-4.00e-02,4.00e-02,
1788,-4.00e-02,4.00e-02,
1789,-4.00e-02,4.00e-02,
1790,-4.00e-02,4.00e-02,
1791,-4.00e-02,4.00e-02,
1792,-4.00e-02,4.00e-02,
1793,-4.00e-02,-4.00e-02,
1794,-4.00e-02,4.00e-02,
1795,-4.00e-02,4.00e-02,
1796,-4.00e-02,4.00e-02,
1797,-4.00e-02,4.00e-02,
1798,-4.00e-02,4.00e-02,
1799,-4.00e-02,4.00e-02,
1800,-4.00e-02,4.00e-02,
1801,-4.00e-02,4.00e-02,
1802,-4.00e-02,4.00e-02,
1803,-4.00e-02,4.00e-02,
1804,-4.00e-02,4.00e-02,
1805,-4.00e-02,4.00e-02,
1806,-4.00e-02,4.00e-02,
1807,-4.00e-02,4.00e-02,
1808,-4.00e-02,4.00e-02,
1809,-4.00e-02,4.00e-02,
1810,-4.00e-02,4.00e-02,
1811,-4.00e-02,4.00e-02,
1812,-4.00e-02,4.00e-02,
1813,-4.00e-02,4.00e-02,
1814,-4.00e-02,4.00e-02,
1815,-4.00e-02,4.00e-02,
1816,-4.00e-02,4.00e-02,
1817,-4.00e-02,4.00e-02,
1818,-4.00e-02,4.00e-02,
1819,-4.00e-02,4.00e-02,
1820,-4.00e-02,4.00e-02,
1821,-4.00e-02,4.00e-02,
1822,-4.00e-02,4.00e-02,
1823,-4.00e-02,-4.00e-02,
1824,-4.00e-02,4.00e-02,
1825,-4.00e-02,4.00e-02,
1826,-4.00e-02,4.00e-02,
1827,-4.00e-02,4.00e-02,
1828,-4.00e-02,-4.00e-02,
1829,-4.00e-02,4.00e-02,
1830,-4.00e-02,4.00e-02,
1831,-4.00e-02,4.00e-02,
1832,-4.00e-02,4.00e-02,
1833,-4.00e-02,4.00e-02,
1834,-4.00e-02,4.00e-02,
1835,-4.00e-02,4.00e-02,
1836,-4.00e-02,4.00e-02,
1837,-4.00e-02,4.00e-02,
1838,-4.00e-02,4.00e-02,
1839,-4.00e-02,4.00e-02,
1840,-4.00e-02,4.00e-02,
1841,-4.00e-02,4.00e-02,
1842,-4.00e-02,4.00e-02,
1843,-4.00e-02,4.00e-02,
1844,-4.00e-02,4.00e-02,
1845,-4.00e-02,4.00e-02,
1846,-4.00e-02,4.00e-02,
1847,-4.00e-02,4.00e-02,
1848,-4.00e-02,4.00e-02,
1849,-4.00e-02,4.00e-02,
1850,-4.00e-02,4.00e-02,
1851,-4.00e-02,4.00e-02,
1852,-4.00e-02,4.00e-02,
1853,-4.00e-02,4.00e-02,
1854,-4.00e-02,4.00e-02,
1855,-4.00e-02,4.00e-02,
1856,-4.00e-02,4.00e-02,
1857,-4.00e-02,4.00e-02,
1858,-4.00e-02,4.00e-02,
1859,-4.00e-02,4.00e-02,
1860,0.00e+00,4.00e-02,
1861,-4.00e-02,4.00e-02,
1862,-4.00e-02,4.00e-02,
1863,-4.00e-02,4.00e-02,
1864,-4.00e-02,4.00e-02,
1865,-4.00e-02,4.00e-02,
1866,-4.00e-02,4.00e-02,
1867,-4.00e-02,4.00e-02,
1868,-4.00e-02,4.00e-02,
1869,-4.00e-02,4.00e-02,
1870,-4.00e-02,4.00e-02,
1871,-4.00e-02,4.00e-02,
1872,-4.00e-02,4.00e-02,
1873,-4.00e-02,-4.00e-02,
1874,-4.00e-02,4.00e-02,
1875,-4.00e-02,4.00e-02,
1876,-4.00e-02,4.00e-02,
1877,-4.00e-02,4.00e-02,
1878,-4.00e-02,4.00e-02,
1879,-4.00e-02,4.00e-02,
1880,-4.00e-02,4.00e-02,
1881,-4.00e-02,4.00e-02,
1882,-4.00e-02,4.00e-02,
1883,-4.00e-02,4.00e-02,
1884,-4.00e-02,4.00e-02,
1885,-4.00e-02,4.00e-02,
1886,-4.00e-02,4.00e-02,
1887,-4.00e-02,4.00e-02,
1888,-4.00e-02,4.00e-02,
1889,-4.00e-02,4.00e-02,
1890,-4.00e-02,4.00e-02,
1891,-4.00e-02,4.00e-02,
1892,-4.00e-02,4.00e-02,
1893,-4.00e-02,4.00e-02,
1894,-4.00e-02,4.00e-02,
1895,-4.00e-02,4.00e-02,
1896,-4.00e-02,4.00e-02,
1897,-4.00e-02,4.00e-02,
1898,-4.00e-02,4.00e-02,
1899,-4.00e-02,4.00e-02,
1900,-4.00e-02,4.00e-02,
1901,-4.00e-02,4.00e-02,
1902,-4.00e-02,4.00e-02,
1903,-4.00e-02,4.00e-02,
1904,-4.00e-02,4.00e-02,
1905,-4.00e-02,4.00e-02,
1906,-4.00e-02,4.00e-02,
1907,-4.00e-02,4.00e-02,
1908,-4.00e-02,4.00e-02,
1909,-4.00e-02,4.00e-02,
1910,-4.00e-02,4.00e-02,
1911,-4.00e-02,4.00e-02,
1912,-4.00e-02,4.00e-02,
1913,-4.00e-02,4.00e-02,
1914,-4.00e-02,4.00e-02,
1915,-4.00e-02,4.00e-02,
1916,-4.00e-02,4.00e-02,
1917,-4.00e-02,4.00e-02,
1918,-4.00e-02,4.00e-02,
1919,-4.00e-02,4.00e-02,
1920,-4.00e-02,4.00e-02,
1921,-4.00e-02,4.00e-02,
1922,-4.00e-02,4.00e-02,
1923,-4.00e-02,4.00e-02,
1924,-4.00e-02,4.00e-02,
1925,-4.00e-02,4.00e-02,
1926,-4.00e-02,4.00e-02,
1927,-4.00e-02,4.00e-02,
1928,-4.00e-02,4.00e-02,
1929,-4.00e-02,4.00e-02,
1930,-4.00e-02,4.00e-02,
1931,-4.00e-02,4.00e-02,
1932,-4.00e-02,4.00e-02,
1933,-4.00e-02,4.00e-02,
1934,-4.00e-02,4.00e-02,
1935,-4.00e-02,4.00e-02,
1936,-4.00e-02,4.00e-02,
1937,-4.00e-02,4.00e-02,
1938,-4.00e-02,4.00e-02,
1939,-4.00e-02,4.00e-02,
1940,-4.00e-02,4.00e-02,
1941,-4.00e-02,4.00e-02,
1942,-4.00e-02,4.00e-02,
1943,-4.00e-02,4.00e-02,
1944,-4.00e-02,4.00e-02,
1945,-4.00e-02,-4.00e-02,
1946,-4.00e-02,4.00e-02,
1947,-4.00e-02,4.00e-02,
1948,-4.00e-02,4.00e-02,
1949,-4.00e-02,4.00e-02,
1950,-4.00e-02,4.00e-02,
1951,-4.00e-02,4.00e-02,
1952,-4.00e-02,4.00e-02,
1953,-4.00e-02,4.00e-02,
1954,-4.00e-02,4.00e-02,
1955,-4.00e-02,4.00e-02,
1956,-4.00e-02,4.00e-02,
1957,-4.00e-02,4.00e-02,
1958,-4.00e-02,4.00e-02,
1959,-4.00e-02,4.00e-02,
1960,-4.00e-02,4.00e-02,
1961,-4.00e-02,4.00e-02,
1962,-4.00e-02,4.00e-02,
1963,-4.00e-02,4.00e-02,
1964,-4.00e-02,4.00e-02,
1965,-4.00e-02,4.00e-02,
1966,-4.00e-02,4.00e-02,
1967,-4.00e-02,4.00e-02,
1968,-4.00e-02,4.00e-02,
1969,-4.00e-02,4.00e-02,
1970,-4.00e-02,4.00e-02,
1971,-4.00e-02,4.00e-02,
1972,-4.00e-02,4.00e-02,
1973,-4.00e-02,4.00e-02,
1974,-4.00e-02,4.00e-02,
1975,-4.00e-02,4.00e-02,
1976,-4.00e-02,4.00e-02,
1977,-4.00e-02,-4.00e-02,
1978,-4.00e-02,4.00e-02,
1979,-4.00e-02,4.00e-02,
1980,-4.00e-02,4.00e-02,
1981,-4.00e-02,4.00e-02,
1982,-4.00e-02,4.00e-02,
1983,-4.00e-02,4.00e-02,
1984,-4.00e-02,4.00e-02,
1985,-4.00e-02,4.00e-02,
1986,-4.00e-02,4.00e-02,
1987,-4.00e-02,4.00e-02,
1988,-4.00e-02,4.00e-02,
1989,-4.00e-02,4.00e-02,
1990,-4.00e-02,4.00e-02,
1991,-4.00e-02,4.00e-02,
1992,-4.00e-02,4.00e-02,
1993,-4.00e-02,4.00e-02,
1994,-4.00e-02,4.00e-02,
1995,-4.00e-02,4.00e-02,
1996,-4.00e-02,4.00e-02,
1997,-4.00e-02,4.00e-02,
1998,-4.00e-02,4.00e-02,
1999,-4.00e-02,4.00e-02,
2000,-4.00e-02,4.00e-02,
2001,-4.00e-02,4.00e-02,
2002,-4.00e-02,4.00e-02,
2003,-4.00e-02,4.00e-02,
2004,-4.00e-02,4.00e-02,
2005,-4.00e-02,4.00e-02,
2006,-4.00e-02,4.00e-02,
2007,-4.00e-02,4.00e-02,
2008,-4.00e-02,4.00e-02,
2009,-4.00e-02,4.00e-02,
2010,-4.00e-02,4.00e-02,
2011,-4.00e-02,4.00e-02,
2012,-4.00e-02,4.00e-02,
2013,-4.00e-02,4.00e-02,
2014,-4.00e-02,4.00e-02,
2015,-4.00e-02,4.00e-02,
2016,-4.00e-02,4.00e-02,
2017,-4.00e-02,4.00e-02,
2018,-4.00e-02,4.00e-02,
2019,-4.00e-02,4.00e-02,
2020,-4.00e-02,4.00e-02,
2021,-4.00e-02,4.00e-02,
2022,-4.00e-02,4.00e-02,
2023,-4.00e-02,-4.00e-02,
2024,-4.00e-02,4.00e-02,
2025,-4.00e-02,4.00e-02,
2026,-4.00e-02,4.00e-02,
2027,-4.00e-02,4.00e-02,
2028,-4.00e-02,4.00e-02,
2029,-4.00e-02,4.00e-02,
2030,-4.00e-02,4.00e-02,
2031,-4.00e-02,4.00e-02,
2032,-4.00e-02,4.00e-02,
2033,-4.00e-02,4.00e-02,
2034,-4.00e-02,4.00e-02,
2035,-4.00e-02,4.00e-02,
2036,-4.00e-02,4.00e-02,
2037,-4.00e-02,4.00e-02,
2038,-4.00e-02,4.00e-02,
2039,-4.00e-02,4.00e-02,
2040,-4.00e-02,4.00e-02,
2041,-4.00e-02,4.00e-02,
2042,-4.00e-02,4.00e-02,
2043,-4.00e-02,4.00e-02,
2044,-4.00e-02,4.00e-02,
2045,-4.00e-02,4.00e-02,
2046,-4.00e-02,4.00e-02,
2047,-4.00e-02,4.00e-02,
2048,-4.00e-02,4.00e-02,
2049,-4.00e-02,4.00e-02,
2050,-4.00e-02,4.00e-02,
2051,-4.00e-02,4.00e-02,
2052,-4.00e-02,4.00e-02,
2053,-4.00e-02,4.00e-02,
2054,-4.00e-02,4.00e-02,
2055,-4.00e-02,4.00e-02,
2056,-4.00e-02,4.00e-02,
2057,-4.00e-02,4.00e-02,
2058,-4.00e-02,4.00e-02,
2059,-4.00e-02,4.00e-02,
2060,-4.00e-02,4.00e-02,
2061,-4.00e-02,4.00e-02,
2062,-4.00e-02,4.00e-02,
2063,-4.00e-02,4.00e-02,
2064,-4.00e-02,4.00e-02,
2065,-4.00e-02,4.00e-02,
2066,-4.00e-02,4.00e-02,
2067,-4.00e-02,4.00e-02,
2068,-4.00e-02,4.00e-02,
2069,-4.00e-02,4.00e-02,
2070,-4.00e-02,4.00e-02,
2071,-4.00e-02,4.00e-02,
2072,-4.00e-02,4.00e-02,
2073,-4.00e-02,4.00e-02,
2074,-4.00e-02,4.00e-02,
2075,-4.00e-02,4.00e-02,
2076,-4.00e-02,4.00e-02,
2077,-4.00e-02,4.00e-02,
2078,-4.00e-02,4.00e-02,
2079,-4.00e-02,4.00e-02,
2080,-4.00e-02,4.00e-02,
2081,-4.00e-02,4.00e-02,
2082,-4.00e-02,4.00e-02,
2083,-4.00e-02,4.00e-02,
2084,-4.00e-02,4.00e-02,
2085,-4.00e-02,4.00e-02,
2086,-4.00e-02,4.00e-02,
2087,-4.00e-02,4.00e-02,
2088,-4.00e-02,4.00e-02,
2089,-4.00e-02,4.00e-02,
2090,-4.00e-02,4.00e-02,
2091,-4.00e-02,4.00e-02,
2092,-4.00e-02,4.00e-02,
2093,-4.00e-02,4.00e-02,
2094,-4.00e-02,4.00e-02,
2095,-4.00e-02,4.00e-02,
2096,-4.00e-02,4.00e-02,
2097,-4.00e-02,4.00e-02,
2098,-4.00e-02,4.00e-02,
2099,-4.00e-02,4.00e-02,
2100,-4.00e-02,4.00e-02,
2101,-4.00e-02,4.00e-02,
2102,-4.00e-02,4.00e-02,
2103,-4.00e-02,4.00e-02,
2104,-4.00e-02,4.00e-02,
2105,-4.00e-02,4.00e-02,
2106,-4.00e-02,4.00e-02,
2107,-4.00e-02,4.00e-02,
2108,-4.00e-02,4.00e-02,
2109,-4.00e-02,4.00e-02,
2110,-4.00e-02,4.00e-02,
2111,-4.00e-02,4.00e-02,
2112,-4.00e-02,4.00e-02,
2113,-4.00e-02,4.00e-02,
2114,-4.00e-02,4.00e-02,
2115,-4.00e-02,4.00e-02,
2116,-4.00e-02,4.00e-02,
2117,-4.00e-02,4.00e-02,
2118,-4.00e-02,4.00e-02,
2119,-4.00e-02,4.00e-02,
2120,-4.00e-02,4.00e-02,
2121,-4.00e-02,4.00e-02,
2122,-4.00e-02,4.00e-02,
2123,-4.00e-02,4.00e-02,
2124,-4.00e-02,4.00e-02,
2125,-4.00e-02,4.00e-02,
2126,-4.00e-02,4.00e-02,
2127,-4.00e-02,4.00e-02,
2128,-4.00e-02,4.00e-02,
2129,-4.00e-02,4.00e-02,
2130,-4.00e-02,4.00e-02,
2131,-4.00e-02,4.00e-02,
2132,-4.00e-02,4.00e-02,
2133,-4.00e-02,4.00e-02,
2134,-4.00e-02,4.00e-02,
2135,-4.00e-02,4.00e-02,
2136,-4.00e-02,4.00e-02,
2137,-4.00e-02,4.00e-02,
2138,-4.00e-02,4.00e-02,
2139,-4.00e-02,4.00e-02,
2140,-4.00e-02,4.00e-02,
2141,-4.00e-02,4.00e-02,
2142,-4.00e-02,4.00e-02,
2143,-4.00e-02,4.00e-02,
2144,-4.00e-02,4.00e-02,
2145,-4.00e-02,4.00e-02,
2146,-4.00e-02,4.00e-02,
2147,-4.00e-02,4.00e-02,
2148,-4.00e-02,4.00e-02,
2149,-4.00e-02,4.00e-02,
2150,-4.00e-02,4.00e-02,
2151,-4.00e-02,4.00e-02,
2152,-4.00e-02,4.00e-02,
2153,-4.00e-02,4.00e-02,
2154,-4.00e-02,4.00e-02,
2155,-4.00e-02,4.00e-02,
2156,-4.00e-02,4.00e-02,
2157,-4.00e-02,4.00e-02,
2158,-4.00e-02,4.00e-02,
2159,-4.00e-02,4.00e-02,
2160,-4.00e-02,4.00e-02,
2161,-4.00e-02,4.00e-02,
2162,-4.00e-02,4.00e-02,
2163,-4.00e-02,4.00e-02,
2164,-4.00e-02,4.00e-02,
2165,-4.00e-02,4.00e-02,
2166,-4.00e-02,4.00e-02,
2167,-4.00e-02,4.00e-02,
2168,-4.00e-02,4.00e-02,
2169,-4.00e-02,4.00e-02,
2170,-4.00e-02,4.00e-02,
2171,-4.00e-02,4.00e-02,
2172,-4.00e-02,4.00e-02,
2173,-4.00e-02,-4.00e-02,
2174,-4.00e-02,4.00e-02,
2175,-4.00e-02,4.00e-02,
2176,-4.00e-02,4.00e-02,
2177,-4.00e-02,4.00e-02,
2178,-4.00e-02,4.00e-02,
2179,-4.00e-02,4.00e-02,
2180,-4.00e-02,4.00e-02,
2181,-4.00e-02,4.00e-02,
2182,-4.00e-02,4.00e-02,
2183,-4.00e-02,4.00e-02,
2184,-4.00e-02,4.00e-02,
2185,-4.00e-02,4.00e-02,
2186,-4.00e-02,4.00e-02,
2187,-4.00e-02,4.00e-02,
2188,-4.00e-02,4.00e-02,
2189,-4.00e-02,4.00e-02,
2190,-4.00e-02,4.00e-02,
2191,-4.00e-02,4.00e-02,
2192,-4.00e-02,4.00e-02,
2193,-4.00e-02,4.00e-02,
2194,-4.00e-02,4.00e-02,
2195,-4.00e-02,4.00e-02,
2196,-4.00e-02,4.00e-02,
2197,-4.00e-02,4.00e-02,
2198,-4.00e-02,4.00e-02,
2199,-4.00e-02,4.00e-02,
2200,-4.00e-02,4.00e-02,
2201,-4.00e-02,4.00e-02,
2202,-4.00e-02,4.00e-02,
2203,-4.00e-02,4.00e-02,
2204,-4.00e-02,4.00e-02,
2205,-4.00e-02,4.00e-02,
2206,-4.00e-02,4.00e-02,
2207,-4.00e-02,4.00e-02,
2208,-4.00e-02,4.00e-02,
2209,-4.00e-02,4.00e-02,
2210,-4.00e-02,4.00e-02,
2211,-4.00e-02,4.00e-02,
2212,-4.00e-02,4.00e-02,
2213,-4.00e-02,4.00e-02,
2214,-4.00e-02,4.00e-02,
2215,-4.00e-02,4.00e-02,
2216,-4.00e-02,4.00e-02,
2217,-4.00e-02,-4.00e-02,
2218,-4.00e-02,4.00e-02,
2219,-4.00e-02,4.00e-02,
2220,-4.00e-02,4.00e-02,
2221,-4.00e-02,4.00e-02,
2222,-4.00e-02,4.00e-02,
2223,-4.00e-02,4.00e-02,
2224,-4.00e-02,4.00e-02,
2225,-4.00e-02,4.00e-02,
2226,-4.00e-02,4.00e-02,
2227,-4.00e-02,4.00e-02,
2228,-4.00e-02,4.00e-02,
2229,-4.00e-02,4.00e-02,
2230,-4.00e-02,4.00e-02,
2231,-4.00e-02,-4.00e-02,
2232,-4.00e-02,4.00e-02,
2233,-4.00e-02,4.00e-02,
2234,-4.00e-02,4.00e-02,
2235,-4.00e-02,4.00e-02,
2236,-4.00e-02,4.00e-02,
2237,-4.00e-02,4.00e-02,
2238,-4.00e-02,4.00e-02,
2239,-4.00e-02,4.00e-02,
2240,-4.00e-02,4.00e-02,
2241,-4.00e-02,4.00e-02,
2242,-4.00e-02,4.00e-02,
2243,-4.00e-02,4.00e-02,
2244,-4.00e-02,4.00e-02,
2245,-4.00e-02,4.00e-02,
2246,-4.00e-02,4.00e-02,
2247,-4.00e-02,4.00e-02,
2248,-4.00e-02,4.00e-02,
2249,-4.00e-02,4.00e-02,
2250,-4.00e-02,4.00e-02,
2251,-4.00e-02,4.00e-02,
2252,-4.00e-02,4.00e-02,
2253,-4.00e-02,4.00e-02,
2254,-4.00e-02,4.00e-02,
2255,-4.00e-02,4.00e-02,
2256,-4.00e-02,4.00e-02,
2257,-4.00e-02,4.00e-02,
2258,-4.00e-02,4.00e-02,
2259,-4.00e-02,4.00e-02,
2260,-4.00e-02,4.00e-02,
2261,-4.00e-02,4.00e-02,
2262,-4.00e-02,4.00e-02,
2263,-4.00e-02,4.00e-02,
2264,-4.00e-02,4.00e-02,
2265,-4.00e-02,4.00e-02,
2266,-4.00e-02,4.00e-02,
2267,-4.00e-02,4.00e-02,
2268,-4.00e-02,4.00e-02,
2269,-4.00e-02,4.00e-02,
2270,-4.00e-02,4.00e-02,
2271,-4.00e-02,4.00e-02,
2272,-4.00e-02,4.00e-02,
2273,-4.00e-02,-4.00e-02,
2274,-4.00e-02,4.00e-02,
2275,-4.00e-02,4.00e-02,
2276,-4.00e-02,4.00e-02,
2277,-4.00e-02,4.00e-02,
2278,-4.00e-02,4.00e-02,
2279,-4.00e-02,4.00e-02,
2280,-4.00e-02,4.00e-02,
2281,-4.00e-02,4.00e-02,
2282,-4.00e-02,4.00e-02,
2283,-4.00e-02,4.00e-02,
2284,-4.00e-02,4.00e-02,
2285,-4.00e-02,4.00e-02,
2286,-4.00e-02,4.00e-02,
2287,-4.00e-02,4.00e-02,
2288,-4.00e-02,4.00e-02,
2289,-4.00e-02,-4.00e-02,
2290,-4.00e-02,4.00e-02,
2291,-4.00e-02,4.00e-02,
2292,-4.00e-02,4.00e-02,
2293,-4.00e-02,4.00e-02,
2294,-4.00e-02,4.00e-02,
2295,-4.00e-02,4.00e-02,
2296,-4.00e-02,-4.00e-02,
2297,-4.00e-02,4.00e-02,
2298,-4.00e-02,4.00e-02,
2299,-4.00e-02,4.00e-02,
2300,-4.00e-02,4.00e-02,
2301,-4.00e-02,4.00e-02,
2302,-4.00e-02,4.00e-02,
2303,-4.00e-02,4.00e-02,
2304,-4.00e-02,4.00e-02,
2305,-4.00e-02,4.00e-02,
2306,-4.00e-02,4.00e-02,
2307,-4.00e-02,4.00e-02,
2308,-4.00e-02,4.00e-02,
2309,-4.00e-02,4.00e-02,
2310,-4.00e-02,4.00e-02,
2311,-4.00e-02,4.00e-02,
2312,-4.00e-02,4.00e-02,
2313,-4.00e-02,4.00e-02,
2314,-4.00e-02,4.00e-02,
2315,-4.00e-02,4.00e-02,
2316,-4.00e-02,4.00e-02,
2317,-4.00e-02,4.00e-02,
2318,-4.00e-02,4.00e-02,
2319,-4.00e-02,4.00e-02,
2320,-4.00e-02,4.00e-02,
2321,-4.00e-02,4.00e-02,
2322,-4.00e-02,4.00e-02,
2323,-4.00e-02,4.00e-02,
2324,-4.00e-02,4.00e-02,
2325,-4.00e-02,4.00e-02,
2326,-4.00e-02,4.00e-02,
2327,-4.00e-02,4.00e-02,
2328,-4.00e-02,4.00e-02,
2329,-4.00e-02,4.00e-02,
2330,-4.00e-02,4.00e-02,
2331,-4.00e-02,4.00e-02,
2332,-4.00e-02,4.00e-02,
2333,-4.00e-02,4.00e-02,
2334,-4.00e-02,4.00e-02,
2335,-4.00e-02,4.00e-02,
2336,-4.00e-02,4.00e-02,
2337,-4.00e-02,4.00e-02,
2338,-4.00e-02,4.00e-02,
2339,-4.00e-02,4.00e-02,
2340,-4.00e-02,4.00e-02,
2341,-4.00e-02,4.00e-02,
2342,-4.00e-02,4.00e-02,
2343,-4.00e-02,4.00e-02,
2344,-4.00e-02,4.00e-02,
2345,-4.00e-02,4.00e-02,
2346,-4.00e-02,4.00e-02,
2347,-4.00e-02,4.00e-02,
2348,0.00e+00,4.00e-02,
2349,-4.00e-02,4.00e-02,
2350,-4.00e-02,4.00e-02,
2351,-4.00e-02,4.00e-02,
2352,-4.00e-02,4.00e-02,
2353,-4.00e-02,4.00e-02,
2354,-4.00e-02,4.00e-02,
2355,-4.00e-02,4.00e-02,
2356,-4.00e-02,4.00e-02,
2357,-4.00e-02,4.00e-02,
2358,-4.00e-02,4.00e-02,
2359,-4.00e-02,4.00e-02,
2360,-4.00e-02,4.00e-02,
2361,-4.00e-02,4.00e-02,
2362,-4.00e-02,4.00e-02,
2363,-4.00e-02,4.00e-02,
2364,-4.00e-02,4.00e-02,
2365,-4.00e-02,4.00e-02,
2366,-4.00e-02,4.00e-02,
2367,-4.00e-02,4.00e-02,
2368,-4.00e-02,4.00e-02,
2369,-4.00e-02,4.00e-02,
2370,-4.00e-02,4.00e-02,
2371,-4.00e-02,4.00e-02,
2372,-4.00e-02,4.00e-02,
2373,-4.00e-02,4.00e-02,
2374,-4.00e-02,4.00e-02,
2375,-4.00e-02,4.00e-02,
2376,-4.00e-02,4.00e-02,
2377,-4.00e-02,4.00e-02,
2378,-4.00e-02,4.00e-02,
2379,-4.00e-02,4.00e-02,
2380,-4.00e-02,4.00e-02,
2381,-4.00e-02,4.00e-02,
2382,-4.00e-02,4.00e-02,
2383,-4.00e-02,4.00e-02,
2384,-4.00e-02,4.00e-02,
2385,-4.00e-02,4.00e-02,
2386,-4.00e-02,4.00e-02,
2387,-4.00e-02,4.00e-02,
2388,-4.00e-02,-4.00e-02,
2389,-4.00e-02,4.00e-02,
2390,-4.00e-02,-4.00e-02,
2391,-4.00e-02,4.00e-02,
2392,-4.00e-02,4.00e-02,
2393,-4.00e-02,4.00e-02,
2394,-4.00e-02,4.00e-02,
2395,-4.00e-02,4.00e-02,
2396,-4.00e-02,4.00e-02,
2397,-4.00e-02,4.00e-02,
2398,-4.00e-02,4.00e-02,
2399,-4.00e-02,4.00e-02,
2400,-4.00e-02,4.00e-02,
2401,-4.00e-02,4.00e-02,
2402,-4.00e-02,4.00e-02,
2403,-4.00e-02,4.00e-02,
2404,-4.00e-02,4.00e-02,
2405,-4.00e-02,4.00e-02,
2406,-4.00e-02,4.00e-02,
2407,-4.00e-02,4.00e-02,
2408,-4.00e-02,4.00e-02,
2409,-4.00e-02,4.00e-02,
2410,-4.00e-02,4.00e-02,
2411,-4.00e-02,4.00e-02,
2412,-4.00e-02,4.00e-02,
2413,-4.00e-02,4.00e-02,
2414,-4.00e-02,4.00e-02,
2415,-4.00e-02,4.00e-02,
2416,-4.00e-02,4.00e-02,
2417,-4.00e-02,-4.00e-02,
2418,-4.00e-02,4.00e-02,
2419,-4.00e-02,4.00e-02,
2420,-4.00e-02,4.00e-02,
2421,-4.00e-02,-4.00e-02,
2422,-4.00e-02,4.00e-02,
2423,-4.00e-02,4.00e-02,
2424,-4.00e-02,4.00e-02,
2425,-4.00e-02,4.00e-02,
2426,-4.00e-02,4.00e-02,
2427,-4.00e-02,4.00e-02,
2428,-4.00e-02,4.00e-02,
2429,-4.00e-02,4.00e-02,
2430,-4.00e-02,4.00e-02,
2431,-4.00e-02,4.00e-02,
2432,-4.00e-02,4.00e-02,
2433,-4.00e-02,4.00e-02,
2434,-4.00e-02,4.00e-02,
2435,-4.00e-02,4.00e-02,
2436,-4.00e-02,4.00e-02,
2437,-4.00e-02,4.00e-02,
2438,-4.00e-02,4.00e-02,
2439,-4.00e-02,4.00e-02,
2440,-4.00e-02,4.00e-02,
2441,-4.00e-02,4.00e-02,
2442,-4.00e-02,4.00e-02,
2443,-4.00e-02,4.00e-02,
2444,-4.00e-02,4.00e-02,
2445,-4.00e-02,4.00e-02,
2446,-4.00e-02,4.00e-02,
2447,-4.00e-02,4.00e-02,
2448,-4.00e-02,4.00e-02,
2449,-4.00e-02,4.00e-02,
2450,-4.00e-02,4.00e-02,
2451,-4.00e-02,4.00e-02,
2452,-4.00e-02,4.00e-02,
2453,-4.00e-02,4.00e-02,
2454,-4.00e-02,4.00e-02,
2455,-4.00e-02,4.00e-02,
2456,-4.00e-02,4.00e-02,
2457,-4.00e-02,4.00e-02,
2458,-4.00e-02,4.00e-02,
2459,-4.00e-02,4.00e-02,
2460,-4.00e-02,4.00e-02,
2461,-4.00e-02,4.00e-02,
2462,-4.00e-02,4.00e-02,
2463,-4.00e-02,4.00e-02,
2464,-4.00e-02,4.00e-02,
2465,-4.00e-02,4.00e-02,
2466,-4.00e-02,4.00e-02,
2467,-4.00e-02,4.00e-02,
2468,-4.00e-02,4.00e-02,
2469,-4.00e-02,4.00e-02,
2470,-4.00e-02,4.00e-02,
2471,-4.00e-02,-4.00e-02,
2472,-4.00e-02,4.00e-02,
2473,-4.00e-02,4.00e-02,
2474,-4.00e-02,4.00e-02,
2475,-4.00e-02,4.00e-02,
2476,-4.00e-02,4.00e-02,
2477,-4.00e-02,4.00e-02,
2478,-4.00e-02,4.00e-02,
2479,-4.00e-02,4.00e-02,
2480,-4.00e-02,4.00e-02,
2481,-4.00e-02,4.00e-02,
2482,-4.00e-02,4.00e-02,
2483,-4.00e-02,4.00e-02,
2484,-4.00e-02,4.00e-02,
2485,-4.00e-02,4.00e-02,
2486,-4.00e-02,4.00e-02,
2487,-4.00e-02,4.00e-02,
2488,-4.00e-02,4.00e-02,
2489,-4.00e-02,4.00e-02,
2490,-4.00e-02,4.00e-02,
2491,-4.00e-02,4.00e-02,
2492,-4.00e-02,4.00e-02,
2493,-4.00e-02,4.00e-02,
2494,-4.00e-02,4.00e-02,
2495,-4.00e-02,4.00e-02,
2496,-4.00e-02,4.00e-02,
2497,-4.00e-02,4.00e-02,
2498,-4.00e-02,4.00e-02,
2499,-4.00e-02,4.00e-02,
2500,-4.00e-02,4.00e-02,
2501,-4.00e-02,4.00e-02,
2502,-4.00e-02,4.00e-02,
2503,-4.00e-02,-4.00e-02,
2504,-4.00e-02,4.00e-02,
2505,-4.00e-02,4.00e-02,
2506,-4.00e-02,4.00e-02,
2507,-4.00e-02,4.00e-02,
2508,-4.00e-02,-4.00e-02,
2509,-4.00e-02,4.00e-02,
2510,-4.00e-02,-4.00e-02,
2511,-4.00e-02,4.00e-02,
2512,-4.00e-02,4.00e-02,
2513,-4.00e-02,-4.00e-02,
2514,-4.00e-02,4.00e-02,
2515,-4.00e-02,4.00e-02,
2516,-4.00e-02,4.00e-02,
2517,-4.00e-02,4.00e-02,
2518,-4.00e-02,4.00e-02,
2519,-4.00e-02,4.00e-02,
2520,-4.00e-02,4.00e-02,
2521,-4.00e-02,4.00e-02,
2522,-4.00e-02,4.00e-02,
2523,-4.00e-02,4.00e-02,
2524,-4.00e-02,4.00e-02,
2525,-4.00e-02,4.00e-02,
2526,-4.00e-02,4.00e-02,
2527,-4.00e-02,4.00e-02,
2528,-4.00e-02,4.00e-02,
2529,-4.00e-02,4.00e-02,
2530,-4.00e-02,4.00e-02,
2531,-4.00e-02,4.00e-02,
2532,-4.00e-02,4.00e-02,
2533,-4.00e-02,4.00e-02,
2534,-4.00e-02,4.00e-02,
2535,-4.00e-02,4.00e-02,
2536,-4.00e-02,4.00e-02,
2537,-4.00e-02,4.00e-02,
2538,-4.00e-02,4.00e-02,
2539,-4.00e-02,4.00e-02,
2540,-4.00e-02,4.00e-02,
2541,-4.00e-02,4.00e-02,
2542,-4.00e-02,4.00e-02,
2543,-4.00e-02,4.00e-02,
2544,-4.00e-02,4.00e-02,
2545,-4.00e-02,4.00e-02,
2546,-4.00e-02,4.00e-02,
2547,-4.00e-02,4.00e-02,
2548,-4.00e-02,4.00e-02,
2549,-4.00e-02,4.00e-02,
2550,-4.00e-02,4.00e-02,
2551,-4.00e-02,4.00e-02,
2552,-4.00e-02,-4.00e-02,
2553,-4.00e-02,-4.00e-02,
2554,-4.00e-02,4.00e-02,
2555,-4.00e-02,4.00e-02,
2556,-4.00e-02,4.00e-02,
2557,-4.00e-02,4.00e-02,
2558,-4.00e-02,4.00e-02,
2559,-4.00e-02,4.00e-02,
2560,-4.00e-02,4.00e-02,
2561,-4.00e-02,4.00e-02,
2562,-4.00e-02,4.00e-02,
2563,-4.00e-02,4.00e-02,
2564,-4.00e-02,4.00e-02,
2565,-4.00e-02,4.00e-02,
2566,-4.00e-02,4.00e-02,
2567,-4.00e-02,4.00e-02,
2568,-4.00e-02,4.00e-02,
2569,-4.00e-02,-4.00e-02,
2570,-4.00e-02,4.00e-02,
2571,-4.00e-02,4.00e-02,
2572,-4.00e-02,4.00e-02,
2573,-4.00e-02,4.00e-02,
2574,-4.00e-02,4.00e-02,
2575,-4.00e-02,-4.00e-02,
2576,-4.00e-02,4.00e-02,
2577,-4.00e-02,-4.00e-02,
2578,-4.00e-02,4.00e-02,
2579,-4.00e-02,4.00e-02,
2580,-4.00e-02,4.00e-02,
2581,-4.00e-02,4.00e-02,
2582,-4.00e-02,-4.00e-02,
2583,-4.00e-02,4.00e-02,
2584,-4.00e-02,4.00e-02,
2585,-4.00e-02,4.00e-02,
2586,-4.00e-02,4.00e-02,
2587,-4.00e-02,4.00e-02,
2588,-4.00e-02,4.00e-02,
2589,-4.00e-02,4.00e-02,
2590,-4.00e-02,4.00e-02,
2591,-4.00e-02,4.00e-02,
2592,-4.00e-02,4.00e-02,
2593,-4.00e-02,4.00e-02,
2594,-4.00e-02,4.00e-02,
2595,-4.00e-02,4.00e-02,
2596,-4.00e-02,4.00e-02,
2597,-4.00e-02,4.00e-02,
2598,-4.00e-02,4.00e-02,
2599,-4.00e-02,4.00e-02,
2600,-4.00e-02,4.00e-02,
2601,-4.00e-02,4.00e-02,
2602,-4.00e-02,4.00e-02,
2603,-4.00e-02,4.00e-02,
2604,-4.00e-02,4.00e-02,
2605,-4.00e-02,4.00e-02,
2606,-4.00e-02,4.00e-02,
2607,-4.00e-02,4.00e-02,
2608,-4.00e-02,4.00e-02,
2609,-4.00e-02,-4.00e-02,
2610,-4.00e-02,4.00e-02,
2611,-4.00e-02,4.00e-02,
2612,-4.00e-02,-4.00e-02,
2613,-4.00e-02,4.00e-02,
2614,-4.00e-02,4.00e-02,
2615,-4.00e-02,4.00e-02,
2616,-4.00e-02,4.00e-02,
2617,-4.00e-02,4.00e-02,
2618,-4.00e-02,4.00e-02,
2619,-4.00e-02,4.00e-02,
2620,-4.00e-02,4.00e-02,
2621,-4.00e-02,4.00e-02,
2622,-4.00e-02,4.00e-02,
2623,-4.00e-02,4.00e-02,
2624,-4.00e-02,4.00e-02,
2625,-4.00e-02,4.00e-02,
2626,-4.00e-02,4.00e-02,
2627,-4.00e-02,4.00e-02,
2628,-4.00e-02,4.00e-02,
2629,-4.00e-02,4.00e-02,
2630,-4.00e-02,4.00e-02,
2631,-4.00e-02,4.00e-02,
2632,-4.00e-02,4.00e-02,
2633,-4.00e-02,4.00e-02,
2634,-4.00e-02,4.00e-02,
2635,-4.00e-02,4.00e-02,
2636,-4.00e-02,4.00e-02,
2637,-4.00e-02,4.00e-02,
2638,-4.00e-02,4.00e-02,
2639,-4.00e-02,4.00e-02,
2640,-4.00e-02,4.00e-02,
2641,-4.00e-02,4.00e-02,
2642,-4.00e-02,4.00e-02,
2643,-4.00e-02,4.00e-02,
2644,-4.00e-02,4.00e-02,
2645,-4.00e-02,4.00e-02,
2646,-4.00e-02,4.00e-02,
2647,-4.00e-02,4.00e-02,
2648,-4.00e-02,-4.00e-02,
2649,-4.00e-02,4.00e-02,
2650,-4.00e-02,4.00e-02,
2651,-4.00e-02,4.00e-02,
2652,-4.00e-02,4.00e-02,
2653,-4.00e-02,4.00e-02,
2654,-4.00e-02,4.00e-02,
2655,-4.00e-02,4.00e-02,
2656,-4.00e-02,4.00e-02,
2657,-4.00e-02,4.00e-02,
2658,-4.00e-02,4.00e-02,
2659,-4.00e-02,4.00e-02,
2660,-4.00e-02,4.00e-02,
2661,-4.00e-02,4.00e-02,
2662,-4.00e-02,4.00e-02,
2663,-4.00e-02,4.00e-02,
2664,-4.00e-02,4.00e-02,
2665,-4.00e-02,4.00e-02,
2666,-4.00e-02,4.00e-02,
2667,-4.00e-02,4.00e-02,
2668,-4.00e-02,4.00e-02,
2669,-4.00e-02,4.00e-02,
2670,-4.00e-02,4.00e-02,
2671,-4.00e-02,4.00e-02,
2672,-4.00e-02,4.00e-02,
2673,-4.00e-02,-4.00e-02,
2674,-4.00e-02,4.00e-02,
2675,-4.00e-02,4.00e-02,
2676,-4.00e-02,4.00e-02,
2677,-4.00e-02,4.00e-02,
2678,-4.00e-02,4.00e-02,
2679,-4.00e-02,4.00e-02,
2680,-4.00e-02,4.00e-02,
2681,-4.00e-02,4.00e-02,
2682,-4.00e-02,4.00e-02,
2683,-4.00e-02,4.00e-02,
2684,-4.00e-02,4.00e-02,
2685,-4.00e-02,4.00e-02,
2686,-4.00e-02,4.00e-02,
2687,-4.00e-02,4.00e-02,
2688,-4.00e-02,4.00e-02,
2689,-4.00e-02,4.00e-02,
2690,-4.00e-02,4.00e-02,
2691,-4.00e-02,4.00e-02,
2692,-4.00e-02,4.00e-02,
2693,-4.00e-02,4.00e-02,
2694,-4.00e-02,4.00e-02,
2695,-4.00e-02,4.00e-02,
2696,-4.00e-02,4.00e-02,
2697,-4.00e-02,4.00e-02,
2698,-4.00e-02,4.00e-02,
2699,-4.00e-02,4.00e-02,
2700,-4.00e-02,4.00e-02,
2701,-4.00e-02,4.00e-02,
2702,-4.00e-02,4.00e-02,
2703,-4.00e-02,4.00e-02,
2704,-4.00e-02,4.00e-02,
2705,-4.00e-02,4.00e-02,
2706,-4.00e-02,4.00e-02,
2707,-4.00e-02,4.00e-02,
2708,-4.00e-02,4.00e-02,
2709,-4.00e-02,4.00e-02,
2710,-4.00e-02,-4.00e-02,
2711,-4.00e-02,4.00e-02,
2712,-4.00e-02,4.00e-02,
2713,-4.00e-02,-4.00e-02,
2714,-4.00e-02,4.00e-02,
2715,-4.00e-02,4.00e-02,
2716,-4.00e-02,4.00e-02,
2717,-4.00e-02,4.00e-02,
2718,-4.00e-02,4.00e-02,
2719,-4.00e-02,4.00e-02,
2720,-4.00e-02,4.00e-02,
2721,-4.00e-02,4.00e-02,
2722,-4.00e-02,4.00e-02,
2723,-4.00e-02,4.00e-02,
2724,-4.00e-02,4.00e-02,
2725,-4.00e-02,4.00e-02,
2726,-4.00e-02,4.00e-02,
2727,-4.00e-02,4.00e-02,
2728,-4.00e-02,4.00e-02,
2729,-4.00e-02,4.00e-02,
2730,-4.00e-02,4.00e-02,
2731,-4.00e-02,4.00e-02,
2732,-4.00e-02,4.00e-02,
2733,-4.00e-02,4.00e-02,
2734,-4.00e-02,4.00e-02,
2735,-4.00e-02,4.00e-02,
2736,-4.00e-02,4.00e-02,
2737,-4.00e-02,4.00e-02,
2738,-4.00e-02,4.00e-02,
2739,-4.00e-02,4.00e-02,
2740,-4.00e-02,4.00e-02,
2741,-4.00e-02,4.00e-02,
2742,-4.00e-02,4.00e-02,
2743,-4.00e-02,4.00e-02,
2744,-4.00e-02,4.00e-02,
2745,-4.00e-02,4.00e-02,
2746,-4.00e-02,4.00e-02,
2747,-4.00e-02,4.00e-02,
2748,-4.00e-02,4.00e-02,
2749,-4.00e-02,4.00e-02,
2750,-4.00e-02,4.00e-02,
2751,-4.00e-02,4.00e-02,
2752,-4.00e-02,4.00e-02,
2753,-4.00e-02,4.00e-02,
2754,-4.00e-02,4.00e-02,
2755,-4.00e-02,4.00e-02,
2756,-4.00e-02,4.00e-02,
2757,-4.00e-02,4.00e-02,
2758,-4.00e-02,4.00e-02,
2759,-4.00e-02,4.00e-02,
2760,-4.00e-02,4.00e-02,
2761,-4.00e-02,-4.00e-02,
2762,-4.00e-02,4.00e-02,
2763,-4.00e-02,4.00e-02,
2764,-4.00e-02,4.00e-02,
2765,-4.00e-02,4.00e-02,
2766,-4.00e-02,4.00e-02,
2767,-4.00e-02,4.00e-02,
2768,-4.00e-02,4.00e-02,
2769,-4.00e-02,4.00e-02,
2770,-4.00e-02,4.00e-02,
2771,-4.00e-02,4.00e-02,
2772,-4.00e-02,-4.00e-02,
2773,-4.00e-02,4.00e-02,
2774,-4.00e-02,4.00e-02,
2775,-4.00e-02,4.00e-02,
2776,-4.00e-02,4.00e-02,
2777,-4.00e-02,4.00e-02,
2778,-4.00e-02,4.00e-02,
2779,-4.00e-02,4.00e-02,
2780,-4.00e-02,4.00e-02,
2781,-4.00e-02,4.00e-02,
2782,-4.00e-02,4.00e-02,
2783,-4.00e-02,4.00e-02,
2784,-4.00e-02,4.00e-02,
2785,-4.00e-02,4.00e-02,
2786,-4.00e-02,4.00e-02,
2787,-4.00e-02,4.00e-02,
2788,-4.00e-02,4.00e-02,
2789,-4.00e-02,4.00e-02,
2790,-4.00e-02,4.00e-02,
2791,-4.00e-02,4.00e-02,
2792,-4.00e-02,4.00e-02,
2793,-4.00e-02,4.00e-02,
2794,-4.00e-02,4.00e-02,
2795,-4.00e-02,4.00e-02,
2796,-4.00e-02,4.00e-02,
2797,-4.00e-02,4.00e-02,
2798,-4.00e-02,4.00e-02,
2799,-4.00e-02,4.00e-02,
2800,-4.00e-02,4.00e-02,
2801,-4.00e-02,4.00e-02,
2802,-4.00e-02,4.00e-02,
2803,-4.00e-02,4.00e-02,
2804,-4.00e-02,4.00e-02,
2805,-4.00e-02,4.00e-02,
2806,-4.00e-02,4.00e-02,
2807,-4.00e-02,4.00e-02,
2808,-4.00e-02,4.00e-02,
2809,-4.00e-02,4.00e-02,
2810,-4.00e-02,4.00e-02,
2811,-4.00e-02,4.00e-02,
2812,-4.00e-02,4.00e-02,
2813,-4.00e-02,4.00e-02,
2814,-4.00e-02,4.00e-02,
2815,-4.00e-02,4.00e-02,
2816,-4.00e-02,4.00e-02,
2817,-4.00e-02,-4.00e-02,
2818,-4.00e-02,4.00e-02,
2819,-4.00e-02,4.00e-02,
2820,-4.00e-02,4.00e-02,
2821,-4.00e-02,4.00e-02,
2822,-4.00e-02,4.00e-02,
2823,-4.00e-02,4.00e-02,
2824,-4.00e-02,4.00e-02,
2825,-4.00e-02,4.00e-02,
2826,-4.00e-02,4.00e-02,
2827,-4.00e-02,4.00e-02,
2828,-4.00e-02,4.00e-02,
2829,-4.00e-02,4.00e-02,
2830,-4.00e-02,4.00e-02,
2831,-4.00e-02,4.00e-02,
2832,-4.00e-02,4.00e-02,
2833,-4.00e-02,4.00e-02,
2834,-4.00e-02,4.00e-02,
2835,-4.00e-02,4.00e-02,
2836,-4.00e-02,-4.00e-02,
2837,-4.00e-02,4.00e-02,
2838,-4.00e-02,4.00e-02,
2839,-4.00e-02,4.00e-02,
2840,-4.00e-02,4.00e-02,
2841,-4.00e-02,-4.00e-02,
2842,-4.00e-02,4.00e-02,
2843,-4.00e-02,4.00e-02,
2844,-4.00e-02,4.00e-02,
2845,-4.00e-02,4.00e-02,
2846,-4.00e-02,4.00e-02,
2847,-4.00e-02,4.00e-02,
2848,-4.00e-02,-4.00e-02,
2849,-4.00e-02,4.00e-02,
2850,-4.00e-02,4.00e-02,
2851,-4.00e-02,4.00e-02,
2852,-4.00e-02,4.00e-02,
2853,-4.00e-02,4.00e-02,
2854,-4.00e-02,4.00e-02,
2855,-4.00e-02,4.00e-02,
2856,-4.00e-02,4.00e-02,
2857,-4.00e-02,4.00e-02,
2858,-4.00e-02,4.00e-02,
2859,-4.00e-02,4.00e-02,
2860,-4.00e-02,4.00e-02,
2861,-4.00e-02,-4.00e-02,
2862,-4.00e-02,4.00e-02,
2863,-4.00e-02,4.00e-02,
2864,-4.00e-02,4.00e-02,
2865,-4.00e-02,-4.00e-02,
2866,-4.00e-02,4.00e-02,
2867,-4.00e-02,4.00e-02,
2868,-4.00e-02,4.00e-02,
2869,-4.00e-02,4.00e-02,
2870,-4.00e-02,-4.00e-02,
2871,-4.00e-02,4.00e-02,
2872,-4.00e-02,4.00e-02,
2873,-4.00e-02,4.00e-02,
2874,-4.00e-02,4.00e-02,
2875,-4.00e-02,4.00e-02,
2876,-4.00e-02,4.00e-02,
2877,-4.00e-02,4.00e-02,
2878,-4.00e-02,4.00e-02,
2879,-4.00e-02,4.00e-02,
2880,-4.00e-02,4.00e-02,
2881,-4.00e-02,4.00e-02,
2882,-4.00e-02,4.00e-02,
2883,-4.00e-02,4.00e-02,
2884,-4.00e-02,4.00e-02,
2885,-4.00e-02,4.00e-02,
2886,-4.00e-02,4.00e-02,
2887,-4.00e-02,4.00e-02,
2888,-4.00e-02,4.00e-02,
2889,-4.00e-02,4.00e-02,
2890,-4.00e-02,4.00e-02,
2891,-4.00e-02,4.00e-02,
2892,-4.00e-02,4.00e-02,
2893,-4.00e-02,4.00e-02,
2894,-4.00e-02,4.00e-02,
2895,-4.00e-02,4.00e-02,
2896,-4.00e-02,4.00e-02,
2897,-4.00e-02,4.00e-02,
2898,-4.00e-02,4.00e-02,
2899,-4.00e-02,4.00e-02,
2900,-4.00e-02,4.00e-02,
2901,-4.00e-02,4.00e-02,
2902,-4.00e-02,-4.00e-02,
2903,-4.00e-02,4.00e-02,
2904,-4.00e-02,4.00e-02,
2905,-4.00e-02,4.00e-02,
2906,-4.00e-02,4.00e-02,
2907,-4.00e-02,4.00e-02,
2908,-4.00e-02,4.00e-02,
2909,-4.00e-02,4.00e-02,
2910,-4.00e-02,4.00e-02,
2911,-4.00e-02,4.00e-02,
2912,-4.00e-02,4.00e-02,
2913,-4.00e-02,-4.00e-02,
2914,-4.00e-02,4.00e-02,
2915,-4.00e-02,4.00e-02,
2916,-4.00e-02,4.00e-02,
2917,-4.00e-02,4.00e-02,
2918,-4.00e-02,4.00e-02,
2919,-4.00e-02,4.00e-02,
2920,-4.00e-02,4.00e-02,
2921,-4.00e-02,4.00e-02,
2922,-4.00e-02,4.00e-02,
2923,-4.00e-02,4.00e-02,
2924,-4.00e-02,4.00e-02,
2925,-4.00e-02,4.00e-02,
2926,-4.00e-02,4.00e-02,
2927,-4.00e-02,4.00e-02,
2928,-4.00e-02,4.00e-02,
2929,-4.00e-02,4.00e-02,
2930,-4.00e-02,4.00e-02,
2931,-4.00e-02,4.00e-02,
2932,-4.00e-02,4.00e-02,
2933,-4.00e-02,4.00e-02,
2934,-4.00e-02,4.00e-02,
2935,-4.00e-02,4.00e-02,
2936,-4.00e-02,4.00e-02,
2937,-4.00e-02,-4.00e-02,
2938,-4.00e-02,4.00e-02,
2939,-4.00e-02,4.00e-02,
2940,-4.00e-02,4.00e-02,
2941,-4.00e-02,4.00e-02,
2942,-4.00e-02,4.00e-02,
2943,-4.00e-02,4.00e-02,
2944,-4.00e-02,4.00e-02,
2945,-4.00e-02,-4.00e-02,
2946,-4.00e-02,4.00e-02,
2947,-4.00e-02,4.00e-02,
2948,-4.00e-02,-4.00e-02,
2949,-4.00e-02,4.00e-02,
2950,-4.00e-02,4.00e-02,
2951,-4.00e-02,4.00e-02,
2952,-4.00e-02,4.00e-02,
2953,-4.00e-02,4.00e-02,
2954,-4.00e-02,4.00e-02,
2955,-4.00e-02,4.00e-02,
2956,-4.00e-02,4.00e-02,
2957,-4.00e-02,4.00e-02,
2958,-4.00e-02,4.00e-02,
2959,-4.00e-02,4.00e-02,
2960,-4.00e-02,4.00e-02,
2961,-4.00e-02,-4.00e-02,
2962,-4.00e-02,4.00e-02,
2963,-4.00e-02,4.00e-02,
2964,-4.00e-02,4.00e-02,
2965,-4.00e-02,4.00e-02,
2966,-4.00e-02,-4.00e-02,
2967,-4.00e-02,4.00e-02,
2968,-4.00e-02,4.00e-02,
2969,-4.00e-02,4.00e-02,
2970,-4.00e-02,4.00e-02,
2971,-4.00e-02,4.00e-02,
2972,-4.00e-02,4.00e-02,
2973,-4.00e-02,4.00e-02,
2974,-4.00e-02,4.00e-02,
2975,-4.00e-02,4.00e-02,
2976,-4.00e-02,4.00e-02,
2977,-4.00e-02,4.00e-02,
2978,-4.00e-02,4.00e-02,
2979,-4.00e-02,4.00e-02,
2980,-4.00e-02,4.00e-02,
2981,-4.00e-02,4.00e-02,
2982,-4.00e-02,4.00e-02,
2983,-4.00e-02,4.00e-02,
2984,-4.00e-02,4.00e-02,
2985,-4.00e-02,4.00e-02,
2986,-4.00e-02,4.00e-02,
2987,-4.00e-02,4.00e-02,
2988,-4.00e-02,4.00e-02,
2989,-4.00e-02,4.00e-02,
2990,-4.00e-02,4.00e-02,
2991,-4.00e-02,4.00e-02,
2992,-4.00e-02,4.00e-02,
2993,-4.00e-02,4.00e-02,
2994,-4.00e-02,4.00e-02,
2995,-4.00e-02,4.00e-02,
2996,-4.00e-02,4.00e-02,
2997,-4.00e-02,4.00e-02,
2998,-4.00e-02,4.00e-02,
2999,-4.00e-02,4.00e-02,
